product_id,product_name
SBAD24XX0075,AUTO BUTTERFLY V. PE PE VERTICAL PNEU. ACTUATOR SS 316L NW 40
SBAD24XX0087,AUTO BUTTERFLY V. VERTICAL PNEU. FER - FER SS 304 NW 50
SBAD24XX0088,AUTO BUTTERFLY V. VERTICAL PNEU. FER - FER SS 304 NW 40
TFXX09XX0001,"PTY-30 STRAINER PN16- DN15, FLANGE, CAST IRON BODY, AISI 304 STRAINER & FILTER, AYVAS"
TFXX09XX0002,"PTY-30 STRAINER PN16-DN20, FLANGE, CAST IRON BODY, AISI 304 STRAINER & FILTER, AYVAS"
TFXX09XX0004,"PTY-30 STRAINER PN16-DN50, FLANGE, CAST IRON BODY, AISI 304 STRAINER & FILTER, AYVAS"
TFXX09XX0005,"PTY-30 STRAINER PN16-DN65, FLANGE, CAST IRON BODY, AISI 304 STRAINER & FILTER, AYVAS"
TFXX09XX0006,"PTY-30 STRAINER PN16-DN80, FLANGE, CAST IRON BODY, AISI 304 STRAINER & FILTER, AYVAS"
TFXX09XX0007,"PTY-30 STRAINER PN16-DN100, FLANGE, CAST IRON BODY, AISI 304 STRAINER & FILTER, AYVAS"
TNXX04XX0011,"MAGNETIC LEVEL GAUGE MGK-33 FLANGE ST37,2 AL.FLAP DN20 PN16 L, SS 316L BODY, AYVAS"
TNXX09XX0060,"RUBBER EXPANSION JOINT LKA-10 DN50 PN16 FLOATING FLANGE DUCTILE IRON, AYVAS"
TNXX09XX0068,VIBRATION ABSORBER MKTY-30 DN65 X 110MM PN16 -20/+10 CARBON STEEL FLANGE. SS321 BELLOW
TNXX09XX0069,VIBRATION ABSORBER MKTY-30 DN80 X 110MM PN16 -20/+10 CARBON STEEL FLANGE. SS321 BELLOW
TNXX09XX0176,ZETKAMA SPARE PART SPRING L-4038
TNXX09XX0207,ZETKAMA SPARE PART SPRING L-4069
TNXX09XX0325,ASPEN AEROGEL AYVAZ INSULATED JACKETS GLOBE VALVE FLANGE DN15 120-250C
TNXX09XX0326,ASPEN AEROGEL AYVAZ INSULATED JACKETS GLOBE VALVE FLANGE DN25 120-250C
TNXX09XX0327,ASPEN AEROGEL AYVAZ INSULATED JACKETS GLOBE VALVE FLANGE DN32 120-250C
TNXX09XX0328,ASPEN AEROGEL AYVAZ INSULATED JACKETS GLOBE VALVE FLANGE DN40 120-250C
TNXX09XX0329,ASPEN AEROGEL AYVAZ INSULATED JACKETS GLOBE VALVE FLANGE DN50 120-250C
TNXX09XX0330,ASPEN AEROGEL AYVAZ INSULATED JACKETS GLOBE VALVE FLANGE DN65 120-250C
TNXX09XX0331,ASPEN AEROGEL AYVAZ INSULATED JACKETS GLOBE VALVE FLANGE DN80 120-250C
TNXX09XX0332,ASPEN AEROGEL AYVAZ INSULATED JACKETS GLOBE VALVE FLANGE DN100 120-250C
TNXX09XX0353,REGULATING PRV47 SPRING RED - ADCA
TNXX09XX0365,SPRING FOR PRV BDV25 GREEN :1.40 - 4 BAR G
TNXX09XX0511,"DIGITAL TEMP CONTROLER DC 1040CR-302-000-E, OUT P. 4-20MA, PW. 90-240VAC HONEYWELL"
TNXX09XX0629,7 DIGIT STROKE COUNTER FOR ADCAMAT POP A.55.6050.015 ADCA
TNXX09XX1257,LIMIT SWITCH BOX APL-210N C/W BRACKET
TNXX09XX2141,"PRESSURE REDUCING VALVE PRV57, CARBON STEEL BODY, HARDENED PLUG, FLANGED DN 50 PN 16 RED SPRING (3.5-8.5 BAR) C/W COOPER TUBE ADCA"
TVXX09XX0484,PRESURE SAFETY VALVE CI DN50 X 80 PN16 FLANGE 630A050C01-1
TPXX09XX0022,COOPER TUBE DN10 X 1.00 MM
TTXX00XX0043,"PROVAL NAMUR SOLENOID 24 VDC, 3/2,  STANDARD SOCKET"
TTXX00XX0044,"PROVAL NAMUR SOLENOID 220 VAC, 3/2, STANDARD SOCKET"
TTXX00XX0095,FLOW SWITCH AK-100 (AYVAZ)
TVXX09XX0089,FLOAT STEAM TRAP SK-70 GS C25 DN25 AO:10 BAR CAST STEEL BODY FLANGE PN25
TVXX03XX0518,"DISCO CHECK VALVE CV-10 S2 AISI 316 DN32 703500100003 + COUNTER FLANGE, GASKET, STUD BOLT, 2 NUT, 2 WASHER"
TVXX01XX0005,"GLOBE VALVE, GLAND PACKING, GV-16,PN16 DN100, FLANGE, CAST IRON BODY & DISC AISI 304"
TVXX01XX0007,"LIFT TYPE CHECK VALVE CLV-50 GG 25 PN16-DN15 FLANGE, CAST IRON BODY & COVER, AISI 304 DISC & SPRING"
TVXX01XX0008,"LIFT TYPE CHECK VALVE CLV-50 GG 25 PN16-DN20 FLANGE, CAST IRON BODY & COVER, AISI 304 DISC & SPRING"
TVXX01XX0009,"LIFT TYPE CHECK VALVE CLV-50 GG 25 PN16-DN80 FLANGE, CAST IRON BODY & COVER, AISI 304 DISC & SPRING"
TVXX01XX0010,"LIFT TYPE CHECK VALVE CLV-50 GG 25 PN16-DN100 FLANGE, CAST IRON BODY & COVER, AISI 304 DISC & SPRING, AYVAS"
TVXX01XX0011,"LIFT TYPE CHECK VALVE CLV-50 GG 25 PN16-DN125 FLANGE, CAST IRON BODY & COVER, AISI 304 DISC & SPRING, AYVAS"
TVXX01XX0012,"LIFT TYPE CHECK VALVE CLV-50 GG 25 PN16-DN200 FLANGE, CAST IRON BODY & COVER, AISI 304 DISC & SPRING"
TVXX01XX0013,"LIFT TYPE CHECK VALVE CLV-50 GG 25 PN16-DN250 FLANGE, CAST IRON BODY & COVER, AISI 304 DISC & SPRING"
TVXX01XX0014,BALL VALVES V-3F AISI316 DN15 PN40 FLANGE
TVXX01XX0015,"BALL VALVES, V-3F,AISI304 DN50 PN40 FLANGE, AYVAS"
TVXX01XX0016,"VACUUM BREAKER VK-71(S.S.) AISI 304 BSP 1/2-1/8, THREADED, PN25, AYVAS"
TVXX01XX0045,"GLOBE VALVE, GLAND PACKING, GV-40,PN40 DN150, FLANGE, CAST STEEL BODY & DISC AISI 304"
TVXX01XX0055,"PTY-30 STRAINER PN16-DN125, FLANGE, CAST IRON BODY, AISI 304"
TVXX01XX0056,"PTY-30 STRAINER PN16-DN50, FLANGE, CAST IRON BODY, AISI 304"
TVXX01XX0057,"PTY-30 STRAINER PN16-DN200, FLANGE, CAST IRON BODY, AISI 304"
TVXX01XX0058,"AXIAL EXPANSION JOINT, BUTT WELD,WITH INNER SLEEVE +  LIMIT ROD, DN 50 PN 16,AYVAZ"
TVXX01XX0060,"AXIAL EXPANSION JOINT, BUTT WELD, WITH INNER SLEEVE + LIMIT ROD, DN 80 PN 16, AYVAZ"
TVXX01XX0061,"AXIAL EXPANSION JOINT, BUTT WELD, WITH INNER SLEEVE + LIMIT ROD, DN 100 PN 16,AYVAZ"
TVXX01XX0063,"AXIAL EXPANSION JOINT, BUTT WELD, WITH INNER SLEEVE + LIMIT ROD, DN 150 PN 16,AYVAZ"
TVXX01XX0141,"THERMOSTATIC STEAM TRAPS, BODY SS304, FLANGE, TKK-2N AO 10BAR, DN25 PN32"
TVXX01XX0153,"THERMODYNAMIC STEAM TRAP TDK71 DN15, SS BODY, THREADED, PN40, AYVAS"
TVXX01XX0154,"THERMODYNAMIC STEAM TRAP TDK71 DN20, SS BODY, THREADED, PN40, AYVAS"
TVXX01XX0155,"THERMODYNAMIC STEAM TRAP TDK71 DN25, SS BODY, THREADED, PN40, AYVAS"
TVXX01XX0160,"LIQUID DRAINERS SA-50, FLOAT TYPE, BODY GG-25 , INTERNAL  FLOAT SS304, FLANGED DN50 PN16 AYVAZ"
TVXX01XX0167,"LIQUID DRAINERS SA-51, FLOAT TYPE, BODY GG-25 , INTERNAL  FLOAT SS304, FLANGED DN25 PN16 AYVAZ"
TVXX01XX0168,"LIQUID DRAINERS SA-51, FLOAT TYPE, BODY GG-25 , INTERNAL  FLOAT SS304, THREADED DN15 PN16 AYVAZ"
TVXX01XX0472,"THERMOSTATIC STEAM TRAPS, BODY SS304, THREADED, TKK-2Y , DN25 PN32"
TVXX01XX0504,"FLEXIBLE METAL HOSE DN 25 WITH SINGLE PLY BRAIDING AISI304 LENGHT 300 MM MAX.PRESS 10 BAR,TEMP.200 DEG.C ST 37 NI COATED THREADED FEMALE AND FEMALE CONNECTION"
TVXX01XX0530,"Y-STRAINER, BODY SS 304, SCREEN AISI 304, FLANGE PN16 DN65"
TVXX03XX0019,SWING WAFER -CHECK VALVE CV-30 AISI316 PN16-DN150-W SPRING
TVXX01XX0607,"EXPANSION JOINT, S-25C BELLOW + INNERSLEEVE, F-F 300MM (+10 ;-40), FLANGE SS304 DN 80 PN16 WITH COUNTER FLANGE, GASKET & MBR"
TVXX01XX0608,"EXPANSION JOINT, S-25C BELLOW + INNERSLEEVE, F-F 300MM (+10 ;-40), FLANGE SS304 DN 50 PN16 WITH COUNTER FLANGE, GASKET & MBR"
TVXX01XX0615,"AXIAL EXPANSION JOINT, WITH BELLOW + INNER SLEEVE + LIMIT ROD, BODY & AISI SS304 DN 80 PN 16, FLANGE LENGTH 350 MM"
TVXX01XX0627,"BALL VALVE V-2, SS304 BODY & BALL, PTFE SEAT, DN40 PN16, THREADED BSPT, HAND LEVER, SPV"
TVXX01XX0628,"BALL VALVE V-2, SS304 BODY & BALL, PTFE SEAT, DN50 PN16, THREADED BSPT, HAND LEVER, SPV"
TVXX03XX0017,SWING WAFER -CHECK VALVE CV-30 AISI316 PN16-DN80-W SPRING
TVXX03XX0018,SWING WAFER -CHECK VALVE CV-30 AISI316 PN16-DN100-W SPRING 708170307040
TVXX03XX0020,SWING WAFER -CHECK VALVE CV-30 AISI316 PN16-DN200-W SPRING
TVXX03XX0025,"BALL VALVES,V3FP,AISI316, PN40 DN100 708142141100"
TVXX03XX0026,"BALL  VALVES, V-3F,AISI316, DN100 PN40 708142132100"
TVXX03XX0027,DISCO CHECK VALVE CV-10 S2 AISI 316 DN15 WAFER
TVXX03XX0028,DISCO CHECK VALVE CV-10 S2 AISI 316 DN20 WAFER
TVXX03XX0029,DISCO CHECK VALVE CV-10 S2 AISI 316 DN25 WAFER
TVXX03XX0030,DISCO CHECK VALVE CV-10 S2 AISI 316 DN40 WAFER
TVXX03XX0031,DISCO CHECK VALVE CV-10 S2 AISI 316 DN50 WAFER
TVXX03XX0074,"BALL VALVES, V-3F,AISI316 DN20 PN40 FLANGE, AYVAS"
TVXX03XX0075,"BALL VALVES, V-3F,AISI316 DN25 PN40 FLANGE, AYVAS"
TVXX03XX0076,"BALL VALVES, V-3F,AISI316 DN32 PN40 FLANGE, AYVAS"
TVXX03XX0077,"BALL VALVES, V-3F,AISI316 DN40 PN40 FLANGE, AYVAS"
TVXX03XX0078,"BALL VALVES, V-3F,AISI316 DN50 PN40 FLANGE, AYVAS"
TVXX03XX0079,"BALL VALVES, V-3F,AISI316 DN80 PN40 FLANGE, AYVAS"
TVXX03XX0080,"BALL VALVES, V-3F,AISI316 DN100 PN40 FLANGE, AYVAS"
TVXX03XX0090,"BALL VALVES, V-3F,AISI316 DN65 PN40 FLANGE, AYVAS"
TVXX03XX0091,DISCO CHECK VALVE CV-10 S2 AISI 316 DN32 703500100003
TVXX03XX0092,DISCO CHECK VALVE CV-10 S2 AISI 316 DN65 703500100006
TVXX03XX0093,DISCO CHECK VALVE CV-10 S2 AISI 316 DN80 703500100007
TVXX03XX0094,DISCO CHECK VALVE CV-10 S2 AISI 316 DN100 703500100008
TVXX03XX0110,"BUTTERFLY VALVE INDUSTRIAL DN 65, PN16, CAST IRON, EPDM SEAL, SS 316 DISC & SHAFT, WAFER, HAND LEVER"
TVXX03XX0126,"BALL VALVES, V-3FP,AISI316 DN25 PN40 FLANGE, AYVAS"
TVXX03XX0128,"BALL VALVES, V-3FP,AISI316 DN40 PN40 FLANGE, AYVAS"
TVXX03XX0129,"BALL VALVES, V-3FP,AISI316 DN50 PN40 FLANGE, AYVAS"
TVXX03XX0130,"BALL VALVES, V-3FP,AISI316 DN65 PN40 FLANGE, AYVAS"
TVXX03XX0131,"BALL VALVES, V-3FP,AISI316 DN80 PN40 FLANGE, AYVAS"
TVXX03XX0022,"BALL VALVES V-3T AISI316 PN63 BSP 1/2"""
TVXX03XX0023,"BALL VALVES V-3T AISI316 PN63 BSP 1"""
TVXX03XX0039,"BALL VALVE V-3 PE # 3/4"" SS-316"
TVXX03XX0041,"BALL VALVE V-1 "" 1/2"" SS-316"
TVXX03XX0055,"CHECK VALVES SC-200, AISI 316 BSP 3/4"" THREADED PN16, AYVAS"
TVXX03XX0042,"BALL VALVE V-1 "" 1"" SS-316"
TVXX03XX0043,"BALL VALVE V-3 PE "" 1/2"" SS-316"
TVXX03XX0159,"INLET CHECK VALVE DN50 CF8M, WAFER, RD40 A.61.1140.050B ADCA"
TVXX03XX0160,"INLET CHECK VALVE DN80 CF8M, WAFER, RD40 A.61.1140.080A ADCA"
TVXX03XX0169,"AXIAL EXPANSION JOINT, SS 316 BODY BELLOW,FLANGE CS,WITH INNER SLEEVE + LIMIT ROD, DN 50 PN 40, AYVAZ"
TVXX03XX0172,"AXIAL EXPANSION JOINT, SS 316 BODY BELLOW,FLANGE CS,WITH INNER SLEEVE + LIMIT ROD, DN 100 PN 40, AYVAZ"
TVXX03XX0173,"AXIAL EXPANSION JOINT, SS 316 BODY BELLOW,FLANGE CS,WITH INNER SLEEVE + LIMIT ROD, DN 125 PN 40, AYVAZ"
TVXX03XX0175,"AXIAL EXPANSION JOINT, SS 316 BODY BELLOW,FLANGE CS,WITH INNER SLEEVE + LIMIT ROD, DN 200 PN 40, AYVAZ"
TVXX03XX0332,"BALL VALVES, V-3FP,AISI316 DN50 PN40 FLANGE + SINGLE  ACT  PNEUMATIC + SOLENOID 24VDC"
TVXX03XX0375,"BALL VALVE V-3 BUTT WELD SS316 BODY, SEAT EPDM, DN 25 PN25 C/W SINGLE ACTING ACTUATOR, + NAMUR 24VDC + LIMIT SWITCH"
TVXX03XX0391,"BALL VALVES, V-3FP,AISI316 DN50 PN40 FLANGE, MOUNTING PAD, WITH ELECTRIC ACTUATOR 220 VAC, AYVAS "
TVXX03XX0392,"BALL VALVES, V-3FP,AISI316 DN100 PN40 FLANGE, MOUNTING PAD, WITH ELECTRIC ACTUATOR 220 VAC, AYVAS "
TVXX03XX0393,"BALL VALVES, V-3FP,AISI316 DN25 PN40 FLANGE, MOUNTING PAD, WITH ELECTRIC ACTUATOR 220 VAC, AYVAS "
TVXX03XX0394,"BALL VALVES, V-3FP, AISI 316 DN100 PN40 FLANGE WITH SINGLE ACT PNEUMATIC + SELENOID 24 VDC"
TVXX03XX0395,STEAM WATER MIXER ADCAMIX MX 20 SS 316 BODY COMPLETE WITH SPRAY GUN SGH20H AND CONECTOR  DN 20 X 20 ADCA
TVXX03XX0397,SAFETY RELIEF VALVE  SS316 BODY  SET.PRESS 5 BAR OPEN BONNET DN50X 50 PN16 FLANGE WITH LEVER
TVXX03XX0404,"BALL VALVES, V-3FP, AISI316 DN25 PN40 FLANGE + SINGLE  ACT  PNEUMATIC + SOLENOID 24VDC + LIMIT SWITCH"
TVXX03XX0405,"BALL VALVES, V-3FP, AISI316 DN40 PN40 FLANGE + SINGLE  ACT  PNEUMATIC + SOLENOID 24VDC + LIMIT SWITCH"
TVXX03XX0408,DIRECT ACTIVATED PRESSURE REDUCING VALVE SS 316 BODY ADJUSMENT PRESSURE 1-6 BAR DN 50 PN16 FLANGE
TVXX03XX0410,"BALL VALVES, V-3FP,AISI316 DN65 PN40 FLANGE + DOUBLE ACT PNEUMATIC"
TVXX03XX0411,"BALL VALVES, V-3FP,AISI316 DN80 PN40 FLANGE + DOUBLE ACT PNEUMATIC"
TVXX03XX0413,"FLOAT STEAM TRAP SK-61 DN25 PN25 AO:10 BAR, SS316 BODY, FLANGE"
TVXX03XX0414,"BALL VALVES, V-3FP,AISI316 DN80 PN40 FLANGE, MOUNTING PAD, WITH ELECTRIC ACTUATOR 220 VAC, AYVAZ"
TVXX03XX0415,BALL VALVE V-3FP WITH ELECTRIC ACTUATOR SS 316 DN 32 PN40 FLANGE (AYVAZ)
TVXX03XX0418,"BALL VALVES, V-3FP,AISI316 DN40 PN40 FLANGE C/W PNEUMATIC SINGLE ACT + POSITIONER ROTARY 4-20MA"
TVXX03XX0420,"BALL VALVES, V-3FP,AISI316 DN65 PN40 FLANGE + SINGLE  ACT  PNEUMATIC + SOLENOID 24VDC"
TVXX03XX0422,ANGLE SEAT VALVE Y TYPE 100 ACT.A90.SINGLE ACTING NORMALY CLOSE DN 50 PN 16 BELLOW SEAT THREADED BSP SS 316 BODY
TVXX03XX0423,ANGLE SEAT VALVE Y TYPE 100 ACT.A63.SINGLE ACTING NORMALY CLOSE DN 25 PN 16 BELLOW SEAT THREADED BSP SS 316 BODY
TVXX03XX0425,"BALL VALVES, V-3FP,AISI316 DN25 PN40 FLANGE + SINGLE ACT PNEUMATIC + SOLENOID 24VDC"
TVXX03XX0426,"BALL VALVES, V-3FP,AISI316 DN40 PN40 FLANGE + SINGLE ACT PNEUMATIC + SOLENOID 24VDC"
TVXX03XX0427,"BALL VALVES, V-3FP,AISI316 DN50 PN40 FLANGE + SINGLE ACT PNEUMATIC + LIMIT SWITCH"
TVXX03XX0429,"BALL VALVES, V-3FP,AISI316 DN40 PN40 FLANGE + DOUBLE ACT PNEUMATIC + SOLENOID 24VDC"
TVXX03XX0431,"PNEUMATIC ANGLE SEAT VALVE TYPE SINGLE ACTING SS316 BODY, PTFE SEAT, TEMP.MAX 220 DEG.C, PN16 DN 125, FLANGE : STEEL ACTUATOR"
TVXX03XX0432,SWING WAFER -CHECK VALVE CV-33 AISI316 PN16-DN150-WITHOUT SPRING 708170307160
TVXX03XX0433,"BALL VALVES, V-3FP, AISI316 DN100 PN40 FLANGE + SINGLE ACT PNEUMATIC + LIMIT SWITCH"
TVXX03XX0436,"BALL VALVES, V-3FP,AISI316 DN50 PN40 FLANGE + SINGLE ACT PNEUMATIC"
TVXX03XX0440,AIR VENT SS 316 MODEL A-40/B
TVXX03XX0441,"BALL VALVES, V-3TP, AISI316 DN 50 PN40 THREADED, MOUNTING PAD, WITH ELECTRIC ACTUATOR 220 VAC, AYVAZ"
TVXX03XX0444,"BALL VALVE V-3FP, AISI 316 DN25 PN40 FLANGE C/W PNEU. ACTUATOR SINGLE ACTING"
TVXX03XX0445,"BALL VALVE V-3FP, AISI 316 DN80 PN40 FLANGE C/W PNEU. ACTUATOR SINGLE ACTING"
TVXX03XX0461,"BUTTERFLY VALVE INDUSTRIAL DN80 CAST IRON BODY, DISC SS316 EPDM SEAT WAFER C/W SINGLE ACT ACTUATOR"
TVXX03XX0462,"AUTO BUTTERFLY VALVE INDUSTRIAL KV3 DN 25 PN16 CAST IRON EPDM SEAL SS 316 DISC & SHAFT, ELECTRIC ACT AYV03 220VAC"
TVXX03XX0482,"BALL VALVES, V-3FP,AISI316 DN25 PN40 FLANGE + SINGLE ACT PNEUMATIC + LIMIT SWITCH"
TVXX03XX0483,"BALL VALVES, V-3FP,AISI316 DN40 PN40 FLANGE + SINGLE ACT PNEUMATIC + LIMIT SWITCH"
TVXX03XX0484,"BALL VALVES, V-3FP,AISI316 DN80 PN40 FLANGE + SINGLE ACT PNEUMATIC + LIMIT SWITCH"
TVXX03XX0488,"DISCO CHECK VALVE CV-10 S2 AISI 316 DN100 703500100008 C/W FLANGE, GASKET, BAUT, MUR"
TVXX03XX0489,"BALL VALVES, V-3FP,AISI316 BODY, SINGLE ACT PNEUMATIC DN15 PN16 FLANGE"
TVXX03XX0497,"BALL VALVE V-3FP, AISI 316 DN40 PN40 FLANGE C/W PNEU. ACTUATOR SINGLE ACTING + COUNTER FLANGE"
TVXX03XX0498,"BALL VALVE V-3FP, AISI 316 DN65 PN40 FLANGE C/W PNEU. ACTUATOR SINGLE ACTING + COUNTER FLANGE"
TVXX03XX0506,SWING WAFER -CHECK VALVE CV-30 AISI316 PN16-DN80-W C/W COUNTER FLANGE
TVXX03XX0507,SWING WAFER -CHECK VALVE CV-30 AISI316 PN16-DN100-W C/W COUNTER FLANGE
TVXX03XX0509,STEAM WATER MIXER ADCAMIX MX 20 SS 316 BODY COMPLETE WITH SPRAY GUN SGH20H AND CONECTOR + STEAM HOSE 10 M DN 20 X 20 ADCA
TVXX03XX0514,"BALL VALVES, V-3FP,AISI316 DN50 PN40 FLANGE C/W SINGLE ACT PNEUMATIC+SOLENOID 24 VDC+LIMIT SWITCH + COUNTER FLANGE, GASKET & MBR"
TVXX09XX0051,"GLOBE VALVE, GLAND PACKING, GV-16,PN16 DN150, FLANGE, CAST IRON BODY & DISC AISI 304"
TVXX03XX0544,"BUTTERFLY VALVE INDUSTRIAL DN 100, PN16, CAST IRON, EPDM SEAL, SS 316 DISC & SHAFT, WAFER C/W PNEUMATIC ACTUATOR SINGLE ACTING+POSITIONER 4-20MA+AIR REG"
TVXX03XX0545,STEAM WATER MIXER ADCAMIX MX20 SS316 BODY C/W SPRAY GUN SGH20H & HOSE BRASS CON GUN+HOSE BRASS CON HOSE+SAFETY CLAMP C/W BOLTS & NUTS + SS PEDESTAL & PILLAR
TVXX03XX0460,"BALL VALVES, V3TP, AISI316, PN63 BSP THREADED 1 1/2"" C/W SINGLE ACT PNEUMATIC + LIMIT SWITCH"
TVXX04XX0068,STEAM WATER MIXER ADCAMIX MX 20 SS 316 BODY COMPLETE WITH SPRAY GUN SGH20H AND CONECTOR + STEAM HOSE 1 M DN 20 X 20 ADCA
TVXX04XX0069,STEAM SEPARATOR SS 316L DN25 PN 16 FLANGE
TVXX09XX0011,OS&Y GATE VALVE DN100 300 PSI FLANGED END 708260732100
TVXX09XX0013,OS&Y GATE VALVE DN80 300 PSI FLANGED END 708260732080
TVXX09XX0014,OS&Y GATE VALVE DN150 300 PSI FLANGED END 708260732150
TVXX09XX0016,OS&Y GATE VALVE DN300 300 PSI FLANGED END 708260732300
TVXX09XX0018,BUTTERFLY VALVE INDUSTRIAL DN 80 PN16 CAST IRON EPDM SEAL SS 316 DISC & SHAFT WAFER HAND LEVER
TVXX09XX0019,BUTTERFLY VALVE INDUSTRIAL DN 100 PN16 CAST IRON EPDM SEAL SS 316 DISC & SHAFT WAFER HAND LEVER
TVXX09XX0021,"GLOBE VALVE INDUSTRIAL DN 80, BELLOW SEALED CAST STEEL BODY, STAINLESS TRIM, CONNECTION FLANGE DIN PN40"
TVXX09XX0022,"GLOBE VALVE INDUSTRIAL DN 15, BELLOW SEALED CAST STEEL BODY, STAINLESS TRIM, CONNECTION FLANGE DIN PN16, AYVAS"
TVXX09XX0023,"GLOBE VALVE INDUSTRIAL DN 25, BELLOW SEALED CAST STEEL BODY, STAINLESS TRIM, CONNECTION FLANGE DIN PN16, AYVAS"
TVXX09XX0024,"GLOBE VALVE INDUSTRIAL DN 40, BELLOW SEALED CAST STEEL BODY, STAINLESS TRIM, CONNECTION FLANGE DIN PN16, AYVAS"
TVXX09XX0025,"GLOBE VALVE INDUSTRIAL DN 50, BELLOW SEALED CAST STEEL BODY, STAINLESS TRIM, CONNECTION FLANGE DIN PN16, AYVAS"
TVXX09XX0026,"GLOBE VALVE INDUSTRIAL DN 80, BELLOW SEALED CAST STEEL BODY, STAINLESS TRIM, CONNECTION FLANGE DIN PN16, AYVAS"
TVXX09XX0027,"GLOBE VALVE INDUSTRIAL DN 150, BELLOW SEALED CAST STEEL BODY, STAINLESS TRIM, CONNECTION FLANGE DIN PN16, AYVAS"
TVXX09XX0028,"GLOBE VALVE INDUSTRIAL DN 150, BELLOW SEALED CAST STEEL BODY, STAINLESS TRIM, CONNECTION FLANGE DIN PN16, AYVAS"
TVXX09XX0029,"BUTTERFLY VALVE INDUSTRIAL DN 40, PN16, CAST IRON, EPDM SEAL, SS 316 DISC & SHAFT, WAFER, HAND LEVER, AYVAS"
TVXX09XX0030,"BUTTERFLY VALVE INDUSTRIAL DN 50, PN16, CAST IRON, EPDM SEAL, SS 316 DISC & SHAFT, WAFER, HAND LEVER, AYVAS"
TVXX09XX0035,BUTTERFLY VALVE INDUSTRIAL DN 200 PN16 CAST IRON EPDM SEAL SS 316 DISC & SHAFT WAFER HAND LEVER
TVXX09XX0036,BUTTERFLY VALVE INDUSTRIAL DN 300 PN16 CAST IRON EPDM SEAL SS 316 DISC & SHAFT WAFER HAND LEVER
TVXX09XX0043,"GLOBE VALVE, GLAND PACKING, GV-16,PN16 DN15, FLANGE, CAST IRON BODY & DISC AISI 304"
TVXX09XX0044,"GLOBE VALVE, GLAND PACKING, GV-16,PN16 DN20, FLANGE, CAST IRON BODY & DISC AISI 304"
TVXX09XX0045,"GLOBE VALVE, GLAND PACKING, GV-16,PN16 DN32, FLANGE, CAST IRON BODY & DISC AISI 304"
TVXX09XX0046,"GLOBE VALVE, GLAND PACKING, GV-16,PN16 DN40, FLANGE, CAST IRON BODY & DISC AISI 304"
TVXX09XX0047,"GLOBE VALVE, GLAND PACKING, GV-16,PN16 DN50, FLANGE, CAST IRON BODY & DISC AISI 304"
TVXX09XX0048,"GLOBE VALVE, GLAND PACKING, GV-16,PN16 DN65, FLANGE, CAST IRON BODY & DISC AISI 304"
TVXX09XX0049,"GLOBE VALVE, GLAND PACKING, GV-16,PN16 DN80, FLANGE, CAST IRON BODY & DISC AISI 304"
TVXX09XX0050,"GLOBE VALVE, GLAND PACKING, GV-16,PN16 DN125, FLANGE, CAST IRON BODY & DISC AISI 304"
TVXX09XX0052,"GLOBE VALVE, GLAND PACKING, GV-16,PN16 DN200, FLANGE, CAST IRON BODY & DISC AISI 304"
TVXX09XX0053,"GLOBE VALVE, GLAND PACKING, GV-40,PN40 DN15, FLANGE, CAST STEEL BODY & DISC AISI 304"
TVXX09XX0054,"GLOBE VALVE, GLAND PACKING, GV-40,PN40 DN20, FLANGE, CAST STEEL BODY & DISC AISI 304"
TVXX09XX0055,"GLOBE VALVE, GLAND PACKING, GV-40,PN40 DN25, FLANGE, CAST STEEL BODY & DISC AISI 304"
TVXX09XX0057,"GLOBE VALVE, GLAND PACKING, GV-40,PN40 DN40, FLANGE, CAST STEEL BODY & DISC AISI 304"
TVXX09XX0038,"BALL VALVE, SK-120 BSP 3/4"" THREADED, BRASS BODY, EPDM SEAL, PN 16, AYVAS"
TVXX09XX0058,"GLOBE VALVE, GLAND PACKING, GV-40,PN40 DN50, FLANGE, CAST STEEL BODY & DISC AISI 304"
TVXX09XX0059,"GLOBE VALVE, GLAND PACKING, GV-40,PN40 DN65, FLANGE, CAST STEEL BODY & DISC AISI 304"
TVXX09XX0060,"GLOBE VALVE, GLAND PACKING, GV-40,PN40 DN80, FLANGE, CAST STEEL BODY & DISC AISI 304"
TVXX09XX0061,"GLOBE VALVE, GLAND PACKING, GV-40,PN40 DN100, FLANGE, CAST STEEL BODY & DISC AISI 304"
TVXX09XX0063,"GLOBE VALVE, GLAND PACKING, GV-40,PN40 DN200, FLANGE, CAST STEEL BODY & DISC AISI 304"
TVXX09XX0064,GTK-16 SOFT SEATED GATE VALVE DN40 PN16 FLANGE DUCTILE IRON BODY RUBBER COATED DISC EPDM SEAL
TVXX09XX0065,GTK-16 SOFT SEATED GATE VALVE DN50 PN16 FLANGE DUCTILE IRON BODY RUBBER COATED DISC EPDM SEAL
TVXX09XX0066,GTK-16 SOFT SEATED GATE VALVE DN65 PN16 FLANGE DUCTILE IRON BODY RUBBER COATED DISC EPDM SEAL
TVXX09XX0067,GTK-16 SOFT SEATED GATE VALVE DN80 PN16 FLANGE DUCTILE IRON BODY RUBBER COATED DISC EPDM SEAL
TVXX09XX0068,GTK-16 SOFT SEATED GATE VALVE DN125 PN16 FLANGE DUCTILE IRON BODY RUBBER COATED DISC EPDM SEAL
TVXX09XX0069,GTK-16 SOFT SEATED GATE VALVE DN200 PN16 FLANGE DUCTILE IRON BODY RUBBER COATED DISC EPDM SEAL
TVXX09XX0070,"LIFT TYPE CHECK VALVE CLV-50 GG 25 PN16-DN50 FLANGE, CAST IRON BODY & COVER, AISI 304 DISC & SPRING, AYVAS"
TVXX09XX0071,"LIFT TYPE CHECK VALVE CLV-50 GG 25 PN16-DN65 FLANGE, CAST IRON BODY & COVER, AISI 304 DISC & SPRING, AYVAS"
TVXX09XX0072,"LIFT TYPE CHECK VALVE CLV-50 GG 25 PN16-DN150 FLANGE, CAST IRON BODY & COVER, AISI 304 DISC & SPRING, AYVAS"
TVXX09XX0073,"PTY-30 STRAINER PN16- DN25, FLANGE, CAST IRON BODY, AISI 304 STRAINER & FILTER, AYVAS"
TVXX09XX0074,"PTY-30 STRAINER PN16- DN40, FLANGE, CAST IRON BODY, AISI 304 STRAINER & FILTER, AYVAS"
TVXX09XX0076,"GLOBE VALVE INDUSTRIAL DN 20, BELLOW SEALED CAST STEEL BODY, STAINLESS TRIM, CONNECTION FLANGE DIN PN16, 708143513020 AYVAS"
TVXX09XX0077,"GLOBE VALVE INDUSTRIAL DN 25, BELLOW SEALED CAST STEEL BODY, STAINLESS TRIM, CONNECTION FLANGE DIN PN16, 708143513025 AYVAS"
TVXX09XX0078,"GLOBE VALVE INDUSTRIAL DN 32, BELLOW SEALED CAST STEEL BODY, STAINLESS TRIM, CONNECTION FLANGE DIN PN40, AYVAS"
TVXX09XX0083,"FLOAT STEAM TRAP SK-51 DN15 AO:10 BAR, DUCTILE IRON BODY, THREADED, PN16, AYVAS"
TVXX09XX0084,"FLOAT STEAM TRAP SK-51 DN20 AO:10 BAR, DUCTILE IRON BODY FLANGE"
TVXX09XX0085,"FLOAT STEAM TRAP SK-51 DN25 AO:10 BAR, DUCTILE IRON BODY, THREADED, PN16, AYVAS"
TVXX09XX0088,FLOAT STEAM TRAP SK-70 GS C25 DN20 AO:10 BAR CAST STEEL BODY FLANGE PN25
TVXX09XX0483,PRESURE SAFETY VALVE CI DN40 X 65 PN16 FLANGE 630A040C01-1
TVXX09XX0090,"THERMODYNAMIC STEAM TRAP TDK45 DN15, FORGED STEEL BODY, FLANGE , PN40, AYVAS"
TVXX09XX0091,"THERMODYNAMIC STEAM TRAP TDK45 DN20, FORGED STEEL BODY, FLANGE, PN40, AYVAS"
TVXX09XX0092,"THERMODYNAMIC STEAM TRAP TDK45 DN25, FORGED STEEL BODY, FLANGE, PN40, AYVAS"
TVXX09XX0098,BUTTERFLY VALVE INDUSTRIAL DN100 CAST IRON BODY EPDM SEAT WAFER TYPE ACTUATOR LIMIT SWITCH
TVXX09XX0099,BUTTERFLY VALVE ALUMUNIIUM # 2” KITZ
TVXX09XX0101,BUTTERFLY VALVE INDUSTRIAL DN 150 PN16 CAST IRON EPDM SEAL SS 316 DISC & SHAFT WAFER HAND LEVER
TVXX09XX0102,BUTTERFLY VALVE INDUSTRIAL DN 125 PN16 CAST IRON EPDM SEAL SS 316 DISC & SHAFT WAFER HAND LEVER
TVXX09XX0103,BUTTERFLY VALVE INDUSTRIAL DN 250 PN16 CAST IRON EPDM SEAL SS 316 DISC & SHAFT WAFER HAND LEVER
TVXX09XX0111,PRESSURE OPERATED PUMP ADCAMAT POP-S FLANGED CARBON STEEL 10 BAR DN 40 x 40 A.55.5800.040
TVXX09XX0112,PRESSURE OPERATED PUMP ADCAMAT POP-S FLANGED CARBON STEEL 10 BAR DN 50 x 50 A.55.5800.050
TVXX09XX0113,PRESSURE OPERATED PUMP ADCAMAT POP-S FLANGED CARBON STEEL 10 BAR DN 80 x 50 A.55.5800.080
TVXX09XX0086,"FLOAT STEAM TRAP SK-50 BSP 1"" AO : 10 BAR, CAST IRON BODY, THREADED, PN16, AYVAS"
TVXX09XX0188,"FLOAT STEAM TRAP SK-70 GS C25 DN40 PN40, CAST STEEL BODY  AYVAZ"
TVXX09XX0292,"GLOBE VALVE INDUSTRIAL DN 32, BELLOW SEALED CAST STEEL BODY, STAINLESS TRIM, CONNECTION FLANGE DIN PN16"
TVXX09XX0293,"GLOBE VALVE INDUSTRIAL DN 65, BELLOW SEALED CAST STEEL BODY, STAINLESS TRIM, CONNECTION FLANGE DIN PN16"
TVXX09XX0294,"GLOBE VALVE INDUSTRIAL DN 100, BELLOW SEALED CAST STEEL BODY, STAINLESS TRIM, CONNECTION FLANGE DIN PN40"
TVXX09XX0295,"GLOBE VALVE INDUSTRIAL DN 125, BELLOW SEALED CAST STEEL BODY, STAINLESS TRIM, CONNECTION FLANGE DIN PN16"
TVXX09XX0296,"GLOBE VALVE INDUSTRIAL DN 150, BELLOW SEALED CAST STEEL BODY, STAINLESS TRIM, CONNECTION FLANGE DIN PN40"
TVXX09XX0297,"FLOAT STEAM TRAP SK-51 DN15 AO:10 BAR, DUCTILE IRON BODY,FLANGE"
TVXX09XX0299,"LIFT TYPE CHECK VALVE CLV-50 GG 25 PN16-DN25 FLANGE, CAST IRON BODY & COVER, AISI 304 DISC & SPRING, AYVAS"
TVXX09XX0300,"LIFT TYPE CHECK VALVE CLV-50 GG 25 PN16-DN32 FLANGE, CAST IRON BODY & COVER, AISI 304 DISC & SPRING, AYVAS"
TVXX09XX0301,"LIFT TYPE CHECK VALVE CLV-50 GG 25 PN16-DN40 FLANGE, CAST IRON BODY & COVER, AISI 304 DISC & SPRING, AYVAS"
TVXX09XX0302,"BOTTOM BLOWDOWN VALVE BODY ASTM A3216 PN 40 DN 40, AYVAZ"
TVXX09XX0303,"BOTTOM BLOWDOWN BODY ASTM A3216 VALVE PN 40 DN 50, AYVAZ"
TVXX09XX0310,"LIMIT SWITCH FOR ACTUATOR VALVE (BALL+BUTTERFLY) , AYVAZ"
TVXX09XX0325,"DOUBLE WINDOWS SIGHT  GLASS, BODY CAST IRON, THREADED DN 50 PN 16  ADCA"
TVXX09XX0336,"DOUBLE WINDOWS SIGHT  GLASS, BODY CARBON STEEL, THREADED DN 15 PN 40 ADCA"
TVXX09XX0337,"DOUBLE WINDOWS SIGHT  GLASS, BODY CARBON STEEL, THREADED DN 20 PN 40 ADCA"
TVXX09XX0339,"DOUBLE WINDOWS SIGHT  GLASS, BODY CARBON STEEL, THREADED DN 40 PN 40 ADCA"
TVXX09XX0340,"DOUBLE WINDOWS SIGHT  GLASS, BODY CARBON STEEL, THREADED DN 50 PN 40 ADCA"
TVXX09XX0343,"DOUBLE WINDOWS SIGHT  GLASS, BODY CARBON STEEL, FLANGE DN 15 PN 40 ADCA"
TVXX09XX0346,"DOUBLE WINDOWS SIGHT  GLASS, BODY CARBON STEEL, FLANGE DN 40 PN 40 ADCA"
TVXX09XX0350,"GLOBE CONTROL VALVE, FLANGE, BODY GGG40,  WITH ACTUATOR DN15 PN16-25, PV25G13L ADCA"
TVXX09XX0352,"GLOBE CONTROL VALVE, FLANGE, BODY GGG40,  WITH ACTUATOR DN25 PN16-25, PV25G13L ADCA"
TVXX09XX0354,"GLOBE CONTROL VALVE, FLANGE, BODY GGG40,  WITH ACTUATOR DN50 PN16-25, PV25G13L ADCA"
TVXX09XX0356,"GLOBE CONTROL VALVE, FLANGE, BODY GGG40,  WITH ACTUATOR DN80 PN16-25, PV25G13L ADCA"
TVXX09XX0358,"GLOBE CONTROL VALVE, FLANGE, BODY GGG40, WITH ACTUATOR  DN15 PN40, PV25S13N ADCA"
TVXX09XX0360,"GLOBE CONTROL VALVE, FLANGE, BODY GGG40, WITH ACTUATOR  DN25 PN40, PV25S13N ADCA"
TVXX09XX0361,"GLOBE CONTROL VALVE, FLANGE, BODY GGG40, WITH ACTUATOR  DN40 PN40, PV25S13N ADCA"
TVXX09XX0362,"GLOBE CONTROL VALVE, FLANGE, BODY GGG40, WITH ACTUATOR  DN50 PN40, PV25S13N ADCA"
TVXX09XX0375,"THREE WAY GLOBE CONTROL VALVE, FLANGE, STEM BELLOW SEALED  BODY CAST IRON, WITH ACTUATOR DN50 PN16, PV23GD87L  ADCA"
TVXX09XX0376,"THREE WAY GLOBE CONTROL VALVE, FLANGE, STEM BELLOW SEALED  BODY CAST IRON, WITH ACTUATOR DN65 PN16, PV23GD87L  ADCA"
TVXX09XX0380,"PRESSURE REDUCING VALVE, PRV, FLANGE, BODY GGG40, FLANGE, DN20, PN 16  ADCA"
TVXX09XX0390,"PRESSURE REDUCING VALVE, PRV, FLANGE, BODY C22.8, FLANGE, DN25, PN 40 ADCA"
TVXX09XX0397,"GLOBE VALVE, GLAND PACKING, GV-16,PN16 DN25, FLANGE, CAST IRON BODY & DISC AISI 304"
TVXX09XX0419,"PTY-30 STRAINER PN16-DN150, FLANGE, CAST IRON BODY, AISI 304"
TVXX09XX0422,SPAREPART ADCAMAT POP SPRING SET A.95.5800.225
TVXX09XX0433,"GLOBE VALVE INDUSTRIAL DN 15, BELLOW SEALED CAST STEEL BODY, STAINLESS TRIM, CONNECTION FLANGE DIN PN40"
TVXX09XX0434,"GLOBE VALVE INDUSTRIAL DN 25, BELLOW SEALED CAST STEEL BODY, STAINLESS TRIM, CONNECTION FLANGE DIN PN40"
TVXX09XX0435,"GLOBE VALVE INDUSTRIAL DN 40, BELLOW SEALED CAST STEEL BODY, STAINLESS TRIM, CONNECTION FLANGE DIN PN40"
TVXX09XX0436,"GLOBE VALVE INDUSTRIAL DN 50, BELLOW SEALED CAST STEEL BODY, STAINLESS TRIM, CONNECTION FLANGE DIN PN40"
TVXX09XX0437,"GLOBE VALVE INDUSTRIAL DN 65, BELLOW SEALED CAST STEEL BODY, STAINLESS TRIM, CONNECTION FLANGE DIN PN40"
TVXX09XX0438,"GLOBE VALVE INDUSTRIAL DN 80, BELLOW SEALED CAST STEEL BODY, STAINLESS TRIM, CONNECTION FLANGE DIN PN40"
TVXX09XX0440,"GLOBE VALVE INDUSTRIAL DN 200, BELLOW SEALED CAST STEEL BODY, STAINLESS TRIM, CONNECTION FLANGE DIN PN40"
TVXX09XX0443,"FLOAT STEAM TRAP SK-50 DN25 AO:10 BAR, DUCTILE IRON BODY, FLANGE, PN16, AYVAZ"
TVXX09XX0444,"AXIAL EXPANSION JOINT, FLANGE , WITH INNER SLEEVE + LIMIT ROD, DN 50 PN 16, AYVAZ"
TVXX09XX0445,"AXIAL EXPANSION JOINT, FLANGE, WITH INNER SLEEVE + LIMIT ROD, DN 80 PN 16, AYVAZ"
TVXX09XX0446,"AXIAL EXPANSION JOINT,  FLANGE, WITH INNER SLEEVE + LIMIT ROD, DN 100 PN 16, AYVAZ"
TVXX09XX0447,"AXIAL EXPANSION JOINT, FLANGE, WITH INNER SLEEVE + LIMIT ROD, DN 150 PN 16, AYVAZ"
TVXX09XX0448,"AXIAL EXPANSION JOINT, FLANGE,WITH INNER SLEEVE + LIMIT ROD, DN 200 PN 16, AYVAZ"
TVXX09XX0453,VR.4500.202 RP45 ACTUATOR TYPE A2
TVXX09XX0457,VR.4510.100 POT-4S STEEL CONDENSATE VESSEL PN16 RP45
TVXX09XX0461,POSITIONER LINIER YT-1000L SN 112L0
TVXX09XX0462,POSITIONER ROTARY YT-1000R SN 112L0
TVXX09XX0463,GLOBE VALVE INDUSTRIAL DN 20 BELLOW SEALED CAST STEEL BODY STAINLESS TRIM CONNECTION FLANGE DIN PN16
TVXX09XX0464,GTK-16 SOFT SEATED GATE VALVE DN100 PN16 FLANGE DUCTILE IRON BODY RUBBER COATED DISC EPDM SEAL
TVXX09XX0465,GTK-16 SOFT SEATED GATE VALVE DN150 PN16 FLANGE DUCTILE IRON BODY RUBBER COATED DISC EPDM SEAL
TVXX09XX0471,"FLOAT STEAM TRAP SK-50 DN40 AO:10 BAR, DUCTILE IRON BODY, FLANGE, PN16"
TVXX09XX0472,"FLOAT STEAM TRAP SK-50 DN50 AO:10 BAR, DUCTILE IRON BODY, FLANGE, PN16"
TVXX09XX0473,AIR REGULATOR C/W PRESSURE GAUGE 0-12 BAR CON # 1/4 G
TVXX09XX0481,PRESURE SAFETY VALVE CI DN25 X 40 PN16 FLANGE 630A025C01-1
TVXX09XX0486,PRESURE SAFETY VALVE CI DN80 X 125 PN16 FLANGE 630A080C01-1
TVXX09XX0489,PRESURE SAFETY VALVE CS DN25 X 40 PN40 FLANGE 630F025E01-1
TVXX09XX0491,PRESURE SAFETY VALVE CS DN40 X 65 PN40 FLANGE 630F040E01-1
TVXX09XX0499,INVERTED BUCKET STEAM TRAPS BT-16 GGG40.3 DN25 PN16 THREADED
TVXX09XX0500,"GLOBE CONTROL VALVE COMPLETE V25G DN 25 PN 16 FLANGE DUCTILE IRON BODY SS INTERNALS PTFE/ GR V-RINGS STEM SEALING/STANDAR BONNET WITH PNEUMATICACT PA205RA (0,4 -1,2 AIR SIGNAL) REVERSE ACTION (NC)+EP POSITIONER PE986(4-20MA)+AIR REGULATOR"
TVXX09XX0504,"THERMODYNAMIC STEAM TRAP TDK45 DN25, FORGED STEEL BODY, THREADED"
TVXX09XX0505,"THERMODYNAMIC STEAM TRAP TDK45 DN15, FORGED STEEL BODY, THREADED"
TVXX09XX0506,"THERMODYNAMIC STEAM TRAP TDK45 DN20, FORGED STEEL BODY, THREADED"
TVXX09XX0511,"FLOAT STEAM TRAP SK-51 DN20 AO:10 BAR, DUCTILE IRON BODY, THREADED, PN16, AYVAS"
TVXX09XX0513,"GLOBE VALVE METAL SEAT DN 15 PN25, BELLOW SEALED DUCTILE IRON BODY,  CONNECTION FLANGE DIN"
TVXX09XX0514,"GLOBE VALVE METAL SEAT DN 20 PN25, BELLOW SEALED DUCTILE IRON BODY,  CONNECTION FLANGE DIN"
TVXX09XX0515,"GLOBE VALVE METAL SEAT DN 25 PN25, BELLOW SEALED DUCTILE IRON BODY,  CONNECTION FLANGE DIN"
TVXX09XX0517,"GLOBE VALVE METAL SEAT DN 40 PN25, BELLOW SEALED DUCTILE IRON BODY,  CONNECTION FLANGE DIN"
TVXX09XX0519,"GLOBE VALVE METAL SEAT DN 65 PN25, BELLOW SEALED DUCTILE IRON BODY,  CONNECTION FLANGE DIN"
TVXX09XX0523,"GLOBE VALVE METAL SEAT DN 150 PN25, BELLOW SEALED DUCTILE IRON BODY,  CONNECTION FLANGE DIN"
TVXX09XX0524,"GLOBE VALVE METAL SEAT DN 200 PN25, BELLOW SEALED DUCTILE IRON BODY,  CONNECTION FLANGE DIN"
TVXX09XX0525,"GLOBE VALVE METAL SEAT DN 250 PN25, BELLOW SEALED DUCTILE IRON BODY,  CONNECTION FLANGE DIN"
TVXX09XX0534,"FLOAT STEAM TRAP SK-51 DN25 AO:10 BAR, DUCTILE IRON BODY,FLANGE"
TVXX09XX0535,INVERTED BUCKET STEAM TRAPS BT-16 GGG40.3 DN15 PN16 AO8.5 BAR THREADED
TVXX09XX0552,"BALL VALVE FULL BORE TGV-10 DN15 PN16 CAST IRON BODY,FLANGE"
TVXX09XX0554,"BALL VALVE FULL BORE TGV-10 DN25 PN16 CAST IRON BODY,FLANGE"
TVXX09XX0555,"BALL VALVE FULL BORE TGV-10 DN40 PN16 CAST IRON BODY,FLANGE"
TVXX09XX0556,"BALL VALVE FULL BORE TGV-10 DN50 PN16 CAST IRON BODY,FLANGE"
TVXX09XX0558,"BALL VALVE FULL BORE TGV-10 DN80 PN16 CAST IRON BODY,FLANGE"
TVXX09XX0559,"BUTTERFLY VALVE BALL VALVE FULL BORE TGV-10 DN100 PN16 CAST IRON BODY,FLANGE"
TVXX09XX0566,YTC YT-1000 LINEAR BRACKET PLATE+ 2PCS U-BOLT FOR POSITIONER PILLAR MODEL + PIN FOR FEEDBACK LEVER LINEAR
TVXX09XX0567,AYV03 ROTARY ELECTRIC ACTUATOR 230VAC 9X9
TVXX09XX0568,AYV05 ROTARY ELECTRIC ACTUATOR 230VAC 11X11
TVXX09XX0569,AYV08 ROTARY ELECTRIC ACTUATOR 230VAC 14X14
TVXX09XX0570,AYV10 ROTARY ELECTRIC ACTUATOR 230VAC 17X17
TVXX09XX0575,ADCA LINIER POSITIONER PE986 C/W BRACKET SET
TVXX09XX0588,COVER/MECH.SET GJS-400-15 DN 25-80 POP-S A.55.6000.001 ADCA
TVXX09XX0591,A.55.5900.080 ADCA CONDENSATE PUMP POPK-S SIMPLEX CONN FLANGED DN 80 X 50
TVXX09XX0592,A.55.5900.080D ADCA CONDENSATE PUMP POPK-SD DUPLEX CONN FLANGED DN 80 X 50
TVXX09XX0594,STEAM SEPARATOR SPR-16 CS DN25 PN 16 FLANGE
TVXX09XX0595,STEAM SEPARATOR SPR-16 CS DN40 PN 16 FLANGE
TVXX09XX0596,STEAM SEPARATOR SPR-16 CS DN50 PN 16 FLANGE
TVXX09XX0598,STEAM SEPARATOR SPR-16 CS DN80 PN 16 FLANGE
TVXX09XX0599,STEAM SEPARATOR SPR-16 CS DN100 PN 16 FLANGE
TVXX09XX0615,SWING CHECK VALVE DN65 300 PSI UL/FM
TVXX09XX0629,"AXIAL EXPANSION JOINT, FLANGE , WITH INNER SLEEVE + LIMIT ROD, DN 125 PN 16, AYVAZ"
TVXX09XX0630,"AXIAL EXPANSION JOINT, FLANGE , WITH INNER SLEEVE + LIMIT ROD, DN 65 PN 16, AYVAZ"
TVXX09XX0634,A.55.5900.050 ADCA CONDENSATE PUMP POPK-S SIMPLEX CONN FLANGED DN 50
TVXX09XX0639,GLOBE VALVE BUTT WELD FIG.217 CAST STEEL PN40 DN20 ZETKAMA
TVXX09XX0640,GLOBE VALVE BUTT WELD FIG.217 CAST STEEL PN40 DN25 ZETKAMA
TVXX09XX0649,ANGLE GLOBE VALVE FLANGE DIN FIG.216 CAST IRON PN16 DN32 ZETKAMA
TVXX09XX0651,ANGLE GLOBE VALVE FLANGE DIN FIG.216 CAST IRON PN16 DN50 ZETKAMA
TVXX09XX0652,ANGLE GLOBE VALVE FLANGE DIN FIG.216 CAST IRON PN16 DN65 ZETKAMA
TVXX09XX0653,ANGLE GLOBE VALVE FLANGE DIN FIG.216 CAST IRON PN16 DN80 ZETKAMA
TVXX09XX0661,"FLOAT STEAM TRAP  SK-55  ∆P:4.5 BAR, CAST IRON BODY ,THREADED, PN16,DN40,AYVAZ"
TVXX09XX0677,STEAM SEPARATOR SPR-40 CS DN50 PN40 FLANGE
TVXX09XX0680,MEMBRAN ACTUATOR CONTROL VALVE NBR70 PA205RA ADCA
TVXX09XX0681,MEMBRAN ACTUATOR CONTROL VALVE NBR70 PA280RA ADCA
TVXX09XX0682,MEMBRAN ACTUATOR CONTROL VALVE NBR70 PA340BRA ADCA
TVXX09XX0683,MEMBRAN ACTUATOR CONTROL VALVE NBR70 PA435BRA ADCA
TVXX09XX0685,"MEMBRAN ACTUATOR FOR PRV RP45, TYPE A2 ADCA"
TVXX09XX0689,"INTERMITTENT BLOWDOWN VALVE VPA26S, CAST STEEL BODY,WITH MANUAL OPERATION,FLANGE, PN40 DN40 ADCA"
TVXX09XX0690,"INTERMITTENT BLOWDOWN VALVE VPA26S, CAST STEEL BODY,WITH MANUAL OPERATION,FLANGE, PN40 DN50 ADCA"
TVXX09XX0693,SINGLE ACTING PNEUMATIC ACTUATOR FOR DN25 BALL VALVE PA075SR-S12 11X11
TVXX09XX0696,SINGLE ACTING PNEUMATIC ACTUATOR FOR DN50 BALL VALVE PA290SR-S12 14X14
TVXX09XX0697,SINGLE ACTING PNEUMATIC ACTUATOR FOR DN65 BALL VALVE PA105SR-S12 17X17
TVXX09XX0698,SINGLE ACTING PNEUMATIC ACTUATOR FOR DN80 BALL VALVE PA125SR-S12 17X17
TVXX09XX0699,SINGLE ACTING PNEUMATIC ACTUATOR FOR DN100 BALL VALVE
TVXX09XX0704,SINGLE ACTING PNEUMATIC ACTUATOR FOR DN40 BUTTERFLY VALVE PA052SR-S12 09X09
TVXX09XX0705,SINGLE ACTING PNEUMATIC ACTUATOR FOR DN50 BUTTERFLY VALVE PA0563SR-S12 09X09
TVXX09XX0707,SINGLE ACTING PNEUMATIC ACTUATOR FOR DN80 BUTTERFLY VALVE PA083SR-S12 09X09
TVXX09XX0708,SINGLE ACTING PNEUMATIC ACTUATOR FOR DN100 BUTTERFLY VALVE PA092SR-S12 11X11
TVXX09XX0714,"GLOBE CONTROL VALVE V25G DN 40 FLG EN1052 PN 16 DCI BODY SS INTERNAL PTFE STANDARD BONNET PNEU ACT PA 280 RA 0,4-1,2 AIR SIGNAL (NC) +  POSITIONER  + AIR REG"
TVXX09XX1035,STEAM SEPARATOR SPR-40 CS DN150 PN40 FLANGE
TVXX09XX1067,"PRESSURE REDUCING VALVE, PRV47, FLANGE, BODY CARBON STEEL C 22.8, BLUE SPRING, C/W COPPER PN40 DN25, ADCA"
TVXX09XX1121,"Y-STRAINER DN20 PN40 BODY ASTM A216 Gr.WCB,SCREEN AISI 316, FLANGE-RF"
TVXX09XX1122,"Y-STRAINER DN25PN40 BODY ASTM A216 Gr.WCB,SCREEN AISI 316, FLANGE-RF"
TVXX09XX1123,"Y-STRAINER DN40 PN40 BODY ASTM A216 Gr.WCB,SCREEN AISI 316, FLANGE-RF"
TVXX09XX1125,"Y-STRAINER DN65 PN40 BODY ASTM A216 Gr.WCB,SCREEN AISI 316, FLANGE-RF"
TVXX09XX1127,"Y-STRAINER DN100 PN40 BODY ASTM A216 Gr.WCB,SCREEN AISI 316, FLANGE-RF"
TVXX09XX1130,"Y-STRAINER DN250 PN40 BODY ASTM A216 Gr.WCB,SCREEN AISI 316, FLANGE-RF"
TVXX09XX1152,"GLOBE VALVE BELLOW SEAL DN15 PN16 ASTM A216 GR.WCB, FLANGE-RF, HANDWHEEL"
TVXX09XX1153,"GLOBE VALVE BELLOW SEAL DN20 PN16 ASTM A216 GR.WCB, FLANGE-RF, HANDWHEEL"
TVXX09XX1154,"GLOBE VALVE BELLOW SEAL DN25 PN16 ASTM A216 GR.WCB, FLANGE-RF, HANDWHEEL"
TVXX09XX1155,"GLOBE VALVE BELLOW SEAL DN40 PN16 ASTM A216 GR.WCB, FLANGE-RF, HANDWHEEL"
TVXX09XX1156,"GLOBE VALVE BELLOW SEAL DN50 PN16 ASTM A216 GR.WCB, FLANGE-RF, HANDWHEEL"
TVXX09XX1160,"GLOBE VALVE BELLOW SEAL DN150 PN16 ASTM A216 GR.WCB, FLANGE-RF, HANDWHEEL"
TVXX09XX1321,"PRESSURE REDUCING VALVE, PRV47, FLANGE, BODY CARBON STEEL C 22.8, BLUE SPRING, C/W COPPER PN40 DN50, ADCA"
TVXX09XX1322,"BUTTERFLY VALVE INDUSTRIAL DN150 CAST IRON BODY, DISC SS316 EPDM SEAT WAFER TYPE ACTUATOR LIMIT SWITCH"
TVXX09XX1327,"GLOBE PISTON VALVE PV-16 DN 80 PN 16 CAST IRON BODY, FLANGE"
TVXX09XX1328,"AUTO BUTTERFLY VALVE INDUSTRIAL KV3 DN 50 PN16 CAST IRON EPDM SEAL SS 316 DISC & SHAFT, ELECTRIC ACT AYV03 220VAC"
TVXX09XX1329,"AUTO BUTTERFLY VALVE INDUSTRIAL KV3 DN 80 PN16 CAST IRON EPDM SEAL SS 316 DISC & SHAFT, ELECTRIC ACT AYV03 220VAC"
TVXX09XX1330,"AUTO BUTTERFLY VALVE INDUSTRIAL KV3 DN 100 PN16 CAST IRON EPDM SEAL SS 316 DISC & SHAFT, ELECTRIC ACT AYV05 220VAC"
TVXX09XX1334,"GLOBE VALVE METAL SEAT DN 50 PN25, BELLOW SEALED DUCTILE IRON BODY,  CONNECTION FLANGE DIN"
TVXX09XX1335,"GLOBE VALVE METAL SEAT DN 80 PN25, BELLOW SEALED DUCTILE IRON BODY,  CONNECTION FLANGE DIN"
TVXX09XX1337,BUTTERFLY VALVE INDUSTRIAL DN 50 PN16 CAST IRON EPDM SEAL SS 316 DISC & SHAFT WAFER HAND LEVER C/W FLANGE JIS10K SS304 + MUR BAUT SS304
TVXX09XX1343,"PRESSURE REDUCING VALVE, PRV47, FLANGE, BODY CARBON STEEL C 22.8, GREEN SPRING ( 0.07 TO 0.5 BAR) C/W COPPER PN40 DN50, ADCA"
TVXX09XX1348,"BUTTERFLY VALVE INDUSTRIAL DN80 CAST IRON BODY, DISC SS316 EPDM SEAT WAFER C/W  ACTUATOR, PNEUMATIC & LIMIT SWITCH"
TVXX09XX1350,"PRESSURE REDUCING VALVE, PRV47, FLANGE, BODY CARBON STEEL C 22.8, RED SPRING, C/W COPPER PN40 DN25, ADCA"
TVXX09XX1392,"PRESSURE REDUCING VALVE, PRV47, FLANGE, BODY CARBON STEEL C 22.8, BLACK SPRING ( 7 - 17 BAR) C/W COPPER PN40 DN50, ADCA"
TVXX09XX1396,"PRESSURE REDUCING VALVE, PRV47, FLANGE, BODY CARBON STEEL C 22.8, BLUE SPRING ( 1.5 - 5.5 BAR) C/W COPPER PN40 DN40, ADCA"
TVXX09XX1404,"PRESSURE REDUCING VALVE, PRV47, FLANGE, BODY CARBON STEEL C 22.8, GREEN SPRING ( 0.35 - 2 BAR) C/W COPPER PN40 DN25, ADCA"
TVXX09XX1412,"PRESSURE REDUCING VALVE, PRV47, FLANGE, BODY CARBON STEEL C 22.8, RED SPRING ( 3.5 - 8.5 BAR) C/W COPPER PN40 DN50, ADCA"
TVXX09XX1417,"PRESSURE REDUCING VALVE, PRV47-2, FLANGE, BODY A216 WCB, BLUE SPRING ( 1.5 - 5.5 BAR) C/W COPPER PN16 DN65, ADCA"
TVXX09XX1428,"X-PRESSED AXIAL EXPANSIONT JOINT WITH FIXED FLANGE AND FLOATING FLANGE ON THE OTHER END IN ST37.2 ,BELLOW AISI 321,INNER SLEEVE AISI321 COMPLETE WITH LIMIT ROD PN 16 DN50, AXIAL MOVEMENT: (+20-50),184 DEG C"
TVXX09XX1438,"GLOBE PISTON VALVE PV-16 DN 200 PN 16 CAST IRON BODY, FLANGE AYVAZ"
TVXX09XX1449,"GLOBE CONTROL VALVE PV25G DN80 PN16 FLANGE, DUCTILE CI BODY, SS INTERNALS PTFE/ GR V-RINGS STEM SEALING/STANDAR BONNET, KVS=89,7. PA435B-RA (0,4 -2 AIR SIGNAL) +POSITIONER  +AIR REG"
TVXX09XX1451,"GLOBE CONTROL VALVE PV25G DN40 PN16 FLANGE, DUCTILE CI BODY, SS INTERNALS PTFE/ GR V-RINGS STEM SEALING/STANDAR BONNET, KVS=22.2. PA280A-RA (0,4 -1,2 AIR SIGNAL) +POSITIONER  +AIR REG"
TVXX09XX1452,"GLOBE CONTROL VALVE PV25G DN50 PN16 FLANGE, DUCTILE CI BODY, SS INTERNALS PTFE/ GR V-RINGS STEM SEALING/STANDAR BONNET, KVS=40.1. PA280A-RA (0,4 -1,2 AIR SIGNAL) +POSITIONER  +AIR REG"
TVXX09XX1468,"BUTTERFLY VALVE INDUSTRIAL DN50 PN16 CAST IRON BODY EPDM SEAT WAFER TYPE ACTUATOR PNEU NAMUR 24VDC, LIMIT SWITCH"
TVXX09XX1507,"BUTTERFLY VALVE INDUSTRIAL DN 25, PN16, CAST IRON, EPDM SEAL, SS 316 DISC & SHAFT, WAFER, HAND LEVER, AYVAS"
TVXX09XX1526,GLOBE CONTROL VALVE COMPLETE V25G DN 150 PN 16 FLANGE DUCTILE IRON BODY SS INTERNALS PTFE/ GR V-RINGS STEM SEALING/STANDAR BONNET WITH PNEUMATIC ACT PA45.12C RA (1.9 -4.9 AIR SIGNAL)REVERSEACTION (NC)+EP POSITIONER PE986 II GEEx d (4-20MA)+AIR REGULATOR P10
TVXX09XX1540,"GLOBE CONTROL VALVE PV25G DN100 PN16 FLANGE, DUCTILE CI BODY, SS INTERNALS PTFE/ GR V-RINGS STEM SEALING/STANDAR BONNET,SOFT PLUG, PA435B-RA NORMALY CLOSE (0,4 -2 AIR SIGNAL) +POSITIONER  +AIR REG "
TVXX09XX1541,"GLOBE CONTROL VALVE PV25G DN80PN16 FLANGE, DUCTILE CI BODY, SS INTERNALS PTFE/ GR V-RINGS STEM SEALING/STANDAR BONNET,SOFT PLUG, PA435B-RA NORMALY CLOSE (0,4 -2 AIR SIGNAL) +POSITIONER  +AIR REG"
TVXX09XX1543,"AXIAL EXPANSIONT JOINT WITH FIXED FLANGE BOTH SIDE IN ST.37,2 CARBON STEEL, BELLOW AND INNER SLEEVE MATERIAL AISI321 COMPLETE WITH LIMIT ROD PN 16 DN250,  AXIAL MOVEMENT: +10/-50 MM LENGHT 520MM"
TVXX09XX1554,PRV47 DN50 MAIN VALVE SPRING AISI 302/1.4300
TVXX09XX1557,"GLOBE CONTROL VALVE PV25S DN40 PN40 FLANGE, A216 WCB BODY, SS INTERNALS PTFE/ GR V-RINGS STEM SEALING/STANDAR BONNET, KVS=22.2 PA280-RA (0,4 -1,2 AIR SIGNAL) +POSITIONER  +AIR REG"
TVXX09XX1558,"GLOBE CONTROL VALVE PV25G DN65 PN16 FLG EN1092 CAST IRON BODY, STAINLESS STEEL INTERNALS , PTFE STANDART BONNET , EQP ( EQUQL PERCENTAGE) - METAL AISI 316 KVS=63.4  PA.340B RA -  REVERSE ACTION PNEUMATIC ACTUATOR (SPRING -TO- CLOSE) 0.2 - 1 BAR  CONTROL SIGNAL"
TVXX09XX1560,"PNEUMATIC ANGLE SEAT VALVE TYPE DOUBLE ACTING SS316 BODY, PTFE SEAT,TEMP.MAX 220 DEG.C THREADED BSPT PN16 DN 32 ESG"
TVXX09XX1561,"FIRE PUMP FLOWMETER SYSTEM MODEL AYV CARBON STEEL BODY, PUMP CAPS.450 GPM DN 100 WELDING NECK AYVAZ"
TVXX09XX1562,"PRESURE SAFETY VALVE CI BODY, ANSI 150, DN 40 X 40 FLANGE C/W SPRING (SET. PRESS 4 BAR)"
TVXX09XX1563,SAFETY RELIEF VALVE CAST STEEL BODY  SET.PRESS 2 BAR OPEN BONNET DN50X 50 PN16 FLANGE WITH LEVER
TVXX09XX1564,SAFETY RELIEF VALVE CAST STEEL BODY  SET.PRESS 3 BAR OPEN BONNET DN50X 50 PN16 FLANGE WITH LEVER
TVXX09XX1565,SAFETY RELIEF VALVE CAST STEEL BODY  SET.PRESS 4 BAR OPEN BONNET DN50X 50 PN16 FLANGE WITH LEVER
TVXX09XX1566,PROPORTIONAL SAFETY VALVE FIG.781-020C01-1 BRASS BODY PN16 DN20X20 SET.PRESS 7BAR THREADED WITH LEVER ZETKAMA
TVXX09XX1575,"GLOBE CONTROL VALVE EV25G DN 25 PN 16 FLANGE DUCTILE IRON BODY SS INTERNALS PTFE/ GR V-RINGS STEM SEALING/STANDAR BONNET WITH ELEC.ACT EL.12 220 VAC,POSITIONER 4-20 MA EV25G13L25.1213"
TVXX09XX1578,PRESSURE REDUCING VALVE RP45S A216 WCB BODY SP60 ACTUATOR A2 1.7 - 3.8 BAR  DN40 PN 40 FLANGE ADCA
TVXX09XX1581,PRESURE SAFETY VALVE CI DN25 X 40 PN16 FLANGE 630A025C01-1 C/W SET. PRESS 9 BAR (SPRING L4035) ZETKAMA
TVXX09XX1582,Y-GLOBE VALVE PN40 DN 25  FORGED STEEL BODY FLANGE HAND WHEEL OPERATED
TVXX09XX1587,SEAL RING NBR ACTUATOR CONTROL VALVE PA 435B RA ADCA 
TVXX09XX1588,GUIDE NYLON ACTUATOR  CONTROL VALVE PA 435B RA ADCA  
TVXX09XX1592,A.55.5900.080T ADCA CONDENSATE PUMP POPK-ST TRIPLEX CONN FLANGED DN 80 X 50
TVXX09XX1596,"BUTTERFLY VALVE INDUSTRIAL DN150 CAST IRON BODY, DISC SS316 EPDM SEAT WAFER TYPE C/W PNEU. ACT, SELENOID 3/2 ATEX "
TVXX09XX1599,"DISCO CHECK VALVE CV-10/P, BRASS BODY, AISI 316L DN40 WAFER 703500200004"
TVXX09XX1602,"GLOBE CONTROL VALVE PV25G DN25 PN16 FLANGE, CAST IRON BODY,  GR V-RINGS STEM SEALING/STANDAR BONNET, METAL AISI316 PLUG, KVS=9.4 M3/H. PA205-RA (0,4 -2 AIR SIGNAL) + POSITIONER + AIR REG"
TVXX09XX1603,"GLOBE CONTROL VALVE PV25G DN32 PN16 FLANGE, CAST IRON BODY,  GR V-RINGS STEM SEALING/STANDAR BONNET, METAL AISI316 PLUG, KVS=15.4 M3/H. PA280-RA (0,2 -1 AIR SIGNAL) + POSITIONER + AIR REG"
TVXX09XX1605,"BUTTERFLY VALVE INDUSTRIAL DN50 PN16 CAST IRON BODY EPDM SEAT WAFER WITH ELECTRIC ACTUATOR 220 VAC, AYVAZ  "
TVXX09XX1690,INSULATED JACKET EXTRUDER 20 MM PYROGEL INNER COTTON : SERAMIC WIRES OUTSIDE COTTON : SILICONE FOR DN80 PIPE
TVXX09XX1607,"GLOBE CONTROL VALVE PV25G GJS 400-15 BODY, STAINLESS STEEL TRIM , PTFE STANDART BONNET , EQP SOFT PLUG FLANGE EN1092 PN16 DN40 KVS=22.2  PA.280 RA-REVERSE ACTION PNEUMATIC ACTUATOR (SPRING -TO- CLOSE) 0.4 - 1.2BAR CONTROL SIGNAL C/W POSITIONER 4-20 MA+AIR REG"
TVXX09XX1610,"Y-TYPE ANGLE SEAT VALVE 100 SERIES, ACTUATOR SIZE 50 MM SINGLE ACTING NC, SIZE DN 15, INSTALLATION TYPE ENTER ABOVE SEAT CONN. TYPE GI BSP DIN ISO 228-1, VALVE BODY CF8M, ACTUATOR CF8, SPRING A TYPE, SEAL PTFE NORMAL TEMPERATURE, ESG, 100 A50 1 D15 Y G1 21 A2"
TVXX09XX1611,"PRESSURE REDUCING VALVE, PRV, FLANGE, BODY C22.8, FLANGE, DN20, PN 40 ADCA C/W COUNTER FLANGE"
TVXX09XX1612,"PRESSURE REDUCING VALVE, PRV, FLANGE, BODY C22.8, FLANGE, DN25, PN 40 ADCA C/W COUNTER FLANGE"
TVXX09XX1618,"GLOBE CONTROL VALVE PV25G DN20 PN16 FLANGE, GJS400- 15 BODY,  PTFE GR V-RINGS STANDAR BONNET STEAM, EOQ SOFT PLUG, KVS=5.1 M3/H. PA205-RA (0,4 -2 AIR SIGNAL) WITH POSITIONER PE986 +AIR REG P10 ( PV.25G.11L20.1R30)"
TVXX09XX1625,"PRESSURE REDUCING VALVE, PRV47, CARBON STEEL BODY, RED SPRING, DN25 PN40, ADCA C/W COPPER TUBE, FLANGE, GASKET"
TVXX09XX1628,METAL BELLOW SEALED  MK16 DN 150 PN16 C/W GASKET AYVAZ PART
TVXX09XX1631,STAINLESS STEEL STANDARD DIAPHRAGM W/GASKET PRV 47 DN 50 VR.9571.001 ADCA
TVXX09XX1633,STEAM SEPARATOR SPR-40 CS DN100 PN40 FLANGE
TVXX09XX1640,DISCO CHECK VALVE CV-11 BODY & DISC GG-25 CAST IRON DN200 AYVAZ
TVXX09XX1641,"PRESSURE RELIEF VALVE GLOBE TYPE MODEL 50B-4KG1, DUCTILE IRON ASTM A-536 MAIN VALVE BODY, CONTROL SYSTEM CAST BRONZE W/ SS STEM, DN100, CLASS 150 FLANGED, FM & UL LISTED, AYVAZ"
TVXX09XX1646,"BLOWDOWN VALVE A216 WCB BODY ADCA VPA-26S WITH PNEUMATIC ACTUATOR AND MANUAL LEVER DN40 PN40 C/W TIMER, SOLENOID 3/2 220V, AIR REG, LMP800"
TVXX09XX1647,"PVC MIDAS 50 NB SIDE MOUNT FILTER MULTIPORT VALVE, FOR WATER TREATMENT"
TVXX09XX1653,"GLOBE CONTROL VALVE PV25G DN40 PN16 FLANGE, GJS-400-15 BODY,  GR V-RINGS STEM SEALING/STANDAR BONNET, SOFT PLUG, KVS=22.2 M3/H. PA280-RA (0,4 - 1,2 AIR SIGNAL) + ADCA LINIER POSITIONER PE986 C/W BRACKET SET + AIR REGULATOR P10 ADCA"
TVXX09XX1658,"FLOAT STEAM TRAP SK-70 DN25 PN25 AO:21 BAR, CAST STEEL BODY FLANGE"
TVXX09XX1661,"GLOBE CONTROL VALVE PV25G DN65 PN16 FLANGE,GJS400-15 BODY, SS INTERNALS PTFE/ GR V-RINGS STEM SEALING/STANDAR BONNET,SOFT PLUG, KVS=63.4  PA.435B RA( 0.4 - 2 AIR SIGNAL) + POSITIONER  PE 986+AIR REG (P10)"
TVXX09XX1662,"GLOBE CONTROL VALVE PV25G DN80 PN16 FLANGE,GJS400-15 BODY, SS INTERNALS PTFE/ GR V-RINGS STEM SEALING/STANDAR BONNET,SOFT PLUG, KVS=89.7  PA.435B RA( 0.4 - 2.5 AIR SIGNAL) + POSITIONER  PE 986+AIR REG (P10)"
TVXX09XX1663,"THREE WAY CONTROL VALVE  PV253G GJS 400-18 BODY,DIVERTING, STEM PTFE/GR V-RINGSSTANDART BONNET,PLUG PL LINIER AISI 316 ,KVS100,  DN80PN16 FLANGE, PNEUMATIC ACTUATOR PA340B RA SIGNAL (0.4-2 BAR) C/W POSITIONER PI998  4-20MA, AIR REG.P10"
TVXX09XX1665,POSITIONER LINIER YTC-1000L SN 112L0 C/W LINEAR BRACKET PLATE+ 2PCS U-BOLT FOR POSITIONER PILLAR MODEL + PIN FOR FEEDBACK LEVER LINEAR
TVXX09XX1666,"PRESSURE REDUCING VALVE V25I, CF8M BODY, DN25 PN25, DOWNSTREAM PRESSURE (YELLOW SPRING 0.14 - 1.7 BAR) THREADED"
TVXX09XX1667,DISCO CHECK VALVE CV-11 BODY & DISC GG-25 CAST IRON DN150 AYVAZ
TVXX09XX1668,"AXIAL EXPANSION JOINT, WITH INNER SLEEVE + LIMIT ROD, DN 250 PN 16, MAX PRESS 16 BAR, TEMP. 425 DEG.C, WELD END CONECTION LENGTH 375 MM"
TVXX09XX1669,"BUTTERFLY VALVE INDUSTRIAL DN 125, PN16, CAST IRON, EPDM SEAL, SS 316 DISC & SHAFT, WAFER C/W PNEUMATIC ACTUATOR SINGLE ACTING + SELENOID NAMUR 24 VDC + LIMIT SWITCH"
TVXX09XX1670,"PRESSURE REDUCING VALVE FOR STEAM, RP-6, WCB BODY, PLUG & SEAT SS410, OUTLET 0.04 - 1.0 MPA, DN40, PN16, FLANGED"
TVXX09XX1671,"FILLING VALVE WITH EXTERNAL SEALING SERIES 1AD ACT. A27 DOUBLE ACTING NORMALY CLOSE DN 15 PIPE OUTLET 14, EXTERNAL SEALING, CF8M BODY THREADED"
TVXX09XX1672,"PRESURE SAFETY VALVE CI DN25 X 40 PN16, SPRING L-4036, FLANGE ZETKAMA"
TVXX09XX1677,"SWING CHECK VALVE 502 SERIES, DN15 CF8M BODY 200 PSI THREADED BSP"
TVXX09XX1680,"BLOWDOWN VALVE A216 WCB BODY ADCA VPA-26S WITH PNEUMATIC ACTUATOR AND MANUAL LEVER DN50 PN40 C/W TIMER, SOLENOID 3/2 220V, AIR REG, LMP800"
TVXX09XX1681,"PRESURE SAFETY VALVE CS DN25 X 40 PN40, SPRING L-4035, FLANGE ZETKAMA"
TVXX09XX1682,"TWO WAY GLOBE CONTROL VALVE V16/2G DN50 PN16,DUCTILE CAST IRON BODY,STANDART BONNET,PTFE/GR V-RING-LINIER METAL TO METAL,KVS40.PA281RA (1.2-2.4 SIGNAL)+POSITIONER 986+AIR REGULATOR P10"
TVXX09XX1685,"BLOWDOWN VALVE  VPA 26/2S  A216 WCB BODY  WITH PNEUMATIC ACTUATOR AND MANUAL LEVER DN50 PN40 C/W TIMER. SOLENOID 3/2  NC 220V, AIR REG, LMP800 ADCA "
TVXX09XX1686,"BUTTERFLY VALVE KV 3 DN65 PN 16 CAST IRON BODY, DISC SS316, EPDM SEAT C/W  ACTUATOR PNEUMATIC SINGLE ACTING + SELENOID NAMUR 24 VDC , LIMIT SWITCH ,WAFER"
TVXX09XX1687,"TWO WAY GLOBE CONTROL VALVE V16/2G DN65 PN16,DUCTILE CAST IRON BODY,STANDART BONNET,PTFE/GR V-RING - LINIER  METAL TO METAL, KVS63.PA341RA (0.8 - 2.4 SIGNAL) + POSITIONER 986 + AIR REGULATOR P10"
TVXX09XX1691,AYV05 ROTARY ELECTRIC ACTUATOR 230VAC C/W ADAPTOR SQUARE 9MM X 11MM
TVXX09XX1693,"TWO WAY GLOBE CONTROL VALVE V16/2G DN25 PN16,DUCTILE CAST IRON BODY,STANDART BONNET,PTFE/GR V-RING - LINIER  METAL TO METAL, KVS9.4 M3/H.PA205RA (0,4-1,2 SIGNAL) + POSITIONER  + AIR REGULATOR P10"
TVXX09XX1694,"TWO WAY GLOBE CONTROL VALVE PV25S13N DN50 PN40, CAST STEEL BODY, STANDART BONNET, PTFE/GR V-RING-LINIER METAL TO METAL, WITH POSITIONER 4-20MA+AIR REGULATOR"
TVXX09XX1698,ASPEN AEROGEL AYVAZ INSULATED JACKETS GLOBE VALVE FLANGE DN150 120-250C
TVXX09XX1699,ASPEN AEROGEL AYVAZ INSULATED JACKETS GLOBE VALVE FLANGE DN200 120-250C
TVXX09XX1700,"PILOT OPERATED PRESSURE REDUCING VALVE 57 A2I6 WCB BODY, RANGE 3.5-8.5 BAR C/W SENSING PIPE STAINLESS STEEL ,DN 32 PN 16 FLANGE ADCA"
TVXX09XX1702,"PRESSURE REDUCING VALVE, PRV, RP45G CAST IRON BODY SP60, ACTUATOR A2 (1.7 - 3.8) BAR C/W CONDENSATE VESSEL + COOPER TUBE, FLANGE, DN15 PN 16 ADCA"
TVXX09XX1703,"GLOBE CONTROL VALVE COMPLETE PV25G DN 25 PN 16 FLANGE DUCTILE IRON BODY SS INTERNALS PTFE/ GR V-RINGS STEM SEALING/STANDAR BONNET WITH PNEUMATIC ACT PA205RA (0,4 -1,2 AIR SIGNAL) + POSITIONER PE986(4-20MA) ATEX ( II 2 G EEX)+ AIR REG"
TVXX09XX1706,"PRESSURE RELIEF VALVE GLOBE TYPE MODEL 50B-4KG1, DUCTILE IRON ASTM A-536 MAIN VALVE BODY, CONTROL SYSTEM CAST BRONZE W/ SS STEM, DN80, CLASS 150 FLANGED, FM & UL LISTED, AYVAZ"
TVXX09XX1707,"PROPORTIONAL CONTROL ANGLE SEAT VALVE, 125 SERIES, SINGLE ACT NC, SIGNAL 4-20 MA, DN40, BELOW SEAT, THREADED BSP, CF8 BODY, ACTUATOR 90B, PTFE SEAL, ESG"
TVXX09XX1708,CONDENSATE DRAIN ST-200A
TVXX09XX1712,"PRESSURE REDUCING VALVE RP45 CAST IRON BODY SP60 ACTUATOR A2, RANGE 1.7-3.8 BAR C/W CONDENSATE VESEL + COOPER TUBE, DN32 PN 16 FLANGE ADCA"
TVXX09XX1713,PRESURE SAFETY VALVE CS DN32 X 50 PN40 SET. PRESS 3.5 BAR FLANGE ZETKAMA
TVXX09XX1716,PRESURE SAFETY VALVE CAST STEEL BODY DN100 X 150 SET. PRESS 16 BAR PN40 FLANGE 630F100E01-1
TVXX09XX1719,"PRESSURE REDUCING VALVE RP45G DUCTILE CAST IRON BODY SP62 ACTUATOR A21, RANGE 5.2-8.9 BAR C/W CONDENSATE VESEL + COOPER TUBE, DN80 PN 16 FLANGE ADCA"
TVXX09XX1720,"PRESSURE REDUCING VALVE, PRV, RP45G CAST IRON BODY SP60, ACTUATOR A3 (1.0 - 1.6) BAR C/W CONDENSATE VESSEL + COOPER TUBE, FLANGE, DN20 PN 40 ADCA"
TVXX09XX1724,"1A1 SERIES SAUCE FILLING VALVE WITH INTERNAL SEALING, ACTUATOR 32MM, DOUBLE ACTING WITHOUT SPRING, INLET SIZE DN32, PIPE OUTER DIAMETER 40MM, TRI-CLAMP CONNECTION"
TVXX09XX1726,ANGLE GLOBE VALVE FLANGE DIN FIG.216 CAST IRON PN16 DN200 ZETKAMA
TVXX09XX1727,BALANCING VALVE GREY CAST IRON BODY DN80 PN16 FLANGE AYVAZ 708080400080
TVXX09XX1729,"TWO WAY GLOBE CONTROL VALVE V16/2G DN25 PN16,DUCTILE IRON BODY,STANDART BONNET,PTFE/GR V-RING STEM,PARABOLIC PLUG,SOFT SEAL PTFE,LINIER PL,KVS10.PA281RA (0.4-1.2 RANGE)+POSITIONER 986+AIR REG. P10"
TVXX09XX1730,"TWO WAY GLOBE CONTROL VALVE V16/2G DN32 PN16,DUCTILE IRON BODY,STANDART BONNET,PTFE/GR V-RING STEM,PARABOLIC PLUG,SOFT SEAL PTFE,LINIER PL,KVS16.PA281RA (1.2-2.4 RANGE)+POSITIONER 986+AIR REG. P10"
TVXX09XX1731,"TWO WAY GLOBE CONTROL VALVE V16/2G DN40 PN16,DUCTILE IRON BODY,STANDART BONNET,PTFE/GR V-RING STEM,PARABOLIC PLUG,SOFT SEAL PTFE,LINIER PL,KVS25.PA281RA (1.2-2.4 RANGE)+POSITIONER 986+AIR REG. P10"
TVXX09XX1732,"TWO WAY GLOBE CONTROL VALVE V16/2G DN50 PN16,DUCTILE IRON BODY,STANDART BONNET,PTFE/GR V-RING STEM,PARABOLIC PLUG,SOFT SEAL PTFE,LINIER PL,KVS40.PA281RA (1.2-2.4 RANGE)+POSITIONER 986+AIR REG. P10"
TVXX09XX1734,"TWO WAY GLOBE CONTROL VALVE V16/2I DN25 PN16, A351 CF8M ,STANDART BONNET,PTFE/GR V-RING STEM,PARABOLIC PLUG,SOFT SEAL PTFE,LINIER PL,KVS10.PA281iRA (0.4-1.2 RANGE)+POSITIONER 986+AIR REG.P10"
TVXX09XX1735,"BUTTERFLY VALVE INDUSTRIAL DN150 PN 16 CAST IRON BODY, DISC SS 316, EPDM SEAT, WAFER C/W DOUBLE ACTING PNEUMATIC ACTUATOR + SELENOID NAMUR 24 VDC"
TVXX09XX1751,"LINIER PNEUMATIC ACTUATOR PA 205 RA S235JRG2 BODY C/W SPRING, DIAPHRAGM, YOKE, ROD ADCA"
TVXX09XX1763,"PRESSURE REDUCING VALVE PRV57, CARBON STEEL BODY, HARDENED PLUG, FLANGED DN 25 PN 16 GREEN SPRING (0.35-2 BAR) C/W COOPER TUBE ADCA"
TVXX09XX1764,"TWO WAY GLOBE CONTROL VALVE V25/2G DN 150 PN 16,SG IRON BODY, PTFE/ GR V-RINGS STEM, PARABOLIC PLUG, SOFT SEAL PTFE, LINIER PL, KVS370 C/W PNEU ACT PA80RA (2 -4 SIGNAL) NC+POSITIONER 986+AIR REG P10"
TVXX09XX1774,"GLOBE VALVE METAL SEAT DN 15 PN25, BELLOW SEALED DUCTILE IRON BODY, CONNECTION FLANGE DIN + COUNTER FLANGE"
TVXX09XX1775,"GLOBE VALVE METAL SEAT DN 65 PN25, BELLOW SEALED DUCTILE IRON BODY, CONNECTION FLANGE DIN + COUNTER FLANGE"
TVXX09XX1776,"GLOBE VALVE METAL SEAT DN 150 PN25, BELLOW SEALED DUCTILE IRON BODY, CONNECTION FLANGE DIN + COUNTER FLANGE"
TVXX09XX1777,"GLOBE VALVE, GLAND PACKING, GV-16,PN16 DN15, FLANGE, CAST IRON BODY & DISC AISI 304 + COUNTER FLANGE"
TVXX09XX1778,"GLOBE VALVE, GLAND PACKING, GV-16,PN16 DN50, FLANGE, CAST IRON BODY & DISC AISI 304 + COUNTER FLANGE"
TVXX09XX1779,"GLOBE VALVE, GLAND PACKING, GV-16,PN16 DN65, FLANGE, CAST IRON BODY & DISC AISI 304 + COUNTER FLANGE"
TVXX09XX1780,"GLOBE VALVE, GLAND PACKING, GV-16,PN16 DN80, FLANGE, CAST IRON BODY & DISC AISI 304 + COUNTER FLANGE"
TVXX09XX1783,"THREE WAY GLOBE CONTROL VALVE, FLANGE, STEM BELLOW SEALED, BODY CAST IRON, ACTUATOR, DN65 PN16, PV23GD87L ADCA C/W AIR REGULATOR & PRESS. GAUGE"
TVXX09XX1789,"PRESSURE REDUCING VALVE, PRV RP45, FLANGE, BODY GGG40, FLANGE PN16, DN50, ADCA C/W CONDENSATE VESSEL PN16 + COOPER TUBE DN10 X 1.00 MM X 1500 MM"
TVXX09XX1791,"FILLING VALVE WITH INTERNAL SEALING SERIES 1A2-16-264, A32, DOUBLE ACTING SPRING RETURN, TRI-CLAMP CONNECTION, SEAL PTFE, CF8M BODY, DN 15 ESG"
TVXX09XX1800,"PRESSURE REDUCING VALVE, PRV RP45, FLANGE, BODY GGG40, SPRING SP60, ACTUATOR A-2, FLANGE, DN20, PN16 ADCA C/W CONDENSATE VESSEL & COOPER TUBE"
TVXX09XX1801,"PRESSURE REDUCING VALVE, PRV, RP45G CAST IRON BODY SP62, ACTUATOR A2 (0.2 - 4.2) BAR C/W CONDENSATE VESSEL + COOPER TUBE, FLANGE, DN80 PN 16 ADCA"
TVXX09XX1803,PRESURE SAFETY VALVE CI DN40 X 65 PN16 FLANGE 630A040C01-1 C/W SET. PRESS 3.3 BAR (SPRING L-4115) ZETKAMA
TVXX09XX1804,"ANGLE SEAT VALVE , 100 SERIES, WITH ROUND BONNET, CF8M BODY, PTFE SEAL, ACT.50 FLANGE CONNECTION DN 50 ESG"
TVXX09XX1805,"ANGLE SEAT VALVE ,100 SERIES, CF8M BODY, PTFE SEAL, ACT 90 THREADED BSP CONNECTION, DN 50 ESG"
TVXX09XX1806,"AUTO BUTTERFLY VALVE INDUSTRIAL KV3 DN 32 PN16 CAST IRON EPDM SEAL SS 316 DISC & SHAFT, ELECTRIC ACTUATOR 24 VDC"
TVXX09XX1810,"PRESSURE REDUCING VALVE, PRV, RP45G CAST IRON BODY SP60, ACTUATOR A2 (1.7 - 3.8) BAR C/W CONDENSATE VESSEL + COOPER TUBE, FLANGE, DN32, PN 40 ADCA"
TVXX09XX1811,"ANGLE SEAT VALVE ,100 SERIES, CF8M BODY, PTFE SEAL, ACT 90 THREADED BSP CONNECTION, DN 25 ESG"
TVXX09XX1814,"PRESSURE REDUCING VALVE, PRV, RP45G CAST IRON BODY SP61, ACTUATOR A2 (2 - 4.2) BAR C/W CONDENSATE VESSEL + COOPER TUBE, FLANGE, DN50, PN 16 ADCA"
TVXX09XX1815,"ANGLE SEAT VALVE ,100 SERIES, CF8M BODY, PTFE SEAL, ACT 50 SINGLE ACTING, THREADED BSP CONNECTION, DN 15 ESG"
TVXX09XX1817,"GLOBE CONTROL VALVE PV25G DN50 PN40 FLG, CI BODY,SS INTERNALS PTFE/ GR V-RINGS STEM SEAL/STD BONNET, KVS=40.1 PA280A-RA (0,4-1,2 AIR SGNL), POSITIONER+AIR REG"
TVXX09XX1818,"PRESSURE REDUCING VALVE PRV57, CARBON STEEL BODY, HARDENED PLUG, FLANGED DN 50 PN 16 BLUE SPRING (1.5-5.5 BAR) C/W COOPER TUBE ADCA"
TVXX09XX1821,"PRESSURE REDUCING VALVE PRV57, CARBON STEEL BODY, HARDENED PLUG, FLANGED DN 25 PN 16 BLUE SPRING (1.55.5 BAR) C/W COOPER TUBE ADCA"
TVXX09XX1823,"PRESSURE REDUCING VALVE, PRV, RP45G CAST IRON BODY SP60, ACTUATOR A3 (1.0 - 1.6) BAR C/W CONDENSATE VESSEL + COOPER TUBE, FLANGE, DN25 PN 16 ADCA"
TVXX09XX1834,SOLENOID VALVE NAMUR SINGLE ACTING 5/2 PORT 1/4 RV5221-08- 24VDC EMC
TVXX09XX1840,STEAM TRAP TESTING ULTRASONIC UTT-100 ADCA
TVXX09XX1844,"PRESSURE REDUCING VALVE PRV57, CARBON STEEL BODY, HARDENED PLUG, FLANGED DN 65 PN 16 RED SPRING (3.5-8.5 BAR) C/W COOPER TUBE ADCA"
TVXX09XX1850,MEMBRAN ACTUATOR CONTROL VALVE NBR70 PA45.12C-RA RANGE 2.5-4.9 BAR ADCA
TVXX09XX1851,"TWO WAY GLOBE CONTROL VALVE V16/2G DN80 PN16,DI BODY,PTFE/GR V-RING STEM,SOFT SEAL PTFE,LINIER PL,KVS89.7.PA345B RA(0.4-1.2 BAR RANGE)+POSITIONER 986+AIR REG."
TVXX09XX1852,"THREE WAY GLOBE CONTROL VALVE EV253G DN50 PN16 BODY CI, DIVERTING, STD BONNET,PTFE/GR V-RING STEM,PARABOLIC PLUG,KVS40, ELEC.ACT EL.45 220 VAC,POSITIONER 4-20MA"
TVXX09XX1860,"FILLING VALVE WITH INTERNAL SEALING SERIES 1A2-14-160-M22, ACT.32 ,DOUBLE ACTING SPRING RETURN, CF8M BODY, DN 15, THREADED G1 + FERRULE ADAPTER SS 316"
TVXX09XX1861,"ANGLE SEAT VALVE, 120 SERIES, A50, Y-TYPE, NC SINGLE ACT, CF8M BODY, CF8 ACT, Y ABOVE SEAT, PTFE HIGH TEMP , TRICLAMP CONN. DN 20 ESG NO : JF12050120YK121A3"
TVXX09XX1862,"AUTO BUTTERFLY VALVE INDUSTRIAL KV3 DN 25 PN16 CAST IRON EPDM SEAL SS 316 DISC & SHAFT, PNEUMATIC ACTUATOR SINGLE ACTING"
TVXX09XX1863,"AUTO BUTTERFLY VALVE INDUSTRIAL KV3 DN 40 PN16 CAST IRON EPDM SEAL SS 316 DISC & SHAFT, PNEUMATIC ACTUATOR SINGLE ACTING"
TVXX09XX1864,"AUTO BUTTERFLY VALVE INDUSTRIAL KV3 DN 65 PN16 CAST IRON EPDM SEAL SS 316 DISC & SHAFT, PNEUMATIC ACTUATOR SINGLE ACTING"
TVXX09XX1867,"3 WAY CONTROL VALVE PV253G GJS 400,DIVERT,STEM BELLOW,PL LINIER 316,KVS40,DN50 PN16 FLG,PNEU ACT PA281RA S(0.8-2.4BAR)+ POSI PE983 II2GEEXIAIICT6ATEX+AIRREG P10"
TVXX09XX1965,YT-1000 LINIER BRACKET H1000F-0125 + CONNECTION BAR H2300L-0031 ROTORK
TVXX09XX1868,"3 WAY CONTROL VALVE PV253G GJS 400,DIVERT,STEM BELLOW,PL LINIER 316,KVS63,DN65 PN16 FLG,PNEU ACT PA341RA S(0.9-2.1BAR)+ POSI PE983 II2GEEXIAIICT6ATEX+AIRREG P10"
TVXX09XX1870,"FILLING VALVE WITH INTERNAL SEALING SERIES 1A2-26-172, A32, DOUBLE ACTING SPRING RETURN, CF8M BODY, DN 25, TRI-CLAMP CONNECTION"
TVXX09XX1876,"TWO WAY GLOBE CONTROL VALVE V16/2G DN50 PN40,DI BODY,GRAPHITE SEALING,PARABOLIC PLUG,METAL TO METAL ,LINIER PL,KVS40.PA25RA(2-4 BAR)+POSITIONER 986+AIR REG. P10"
TVXX09XX1911,FLOAT AND THERMOSTATIC STEAM TRAP FLT27-10 SG IRON BODY DN 40 PN 16 FLANGE ADCA
TVXX09XX1918,"SINGLE ACTING PNEUMATIC ACTUATOR FOR DN50 BALL VALVE RT050-SR-K12 , G1/4, 14 X 14"
TVXX09XX1924,"SINGLE ACTING PNEUMATIC ACTUATOR FOR DN40 BUTTERFLY VALVE RT020-SR-K12, G1/4, 9 X 11"
TVXX09XX1933,"TWO WAY GLOBE CONTROL VALVE EV16/2G DN50 PN16,DI BODY,STD BONNET,PTFE/GR V-RING STEM,PARABOLIC PLUG,SOFT SEAL PTFE,KVS40.ELEC.ACT EL.45 220VAC,POSITIONER 4-20MA"
TVXX09XX1938,BUTTERFLY VALVE INDUSTRIAL DN80 CAST IRON BODY EPDM SEAT WAFER W/ DOUBLE ACT ACTUATOR
TVXX09XX1941,"BALL VALVE FULL BORE TGV-10 DN25 PN16 CAST IRON BODY, FLANGE C/W COUNTER FLANGE, GASKET & MBR"
TVXX09XX1943,"BALL VALVE FULL BORE TGV-10 DN80 PN16 CAST IRON BODY,FLANGE C/W COUNTER FLANGE, GASKET & MBR"
TVXX09XX1945,"PTY-30 STRAINER PN16 DN 80, FLANGE, CAST IRON BODY, AISI 304 STRAINER & FILTER C/W COUNTER FLANGE, GASKET & MBR"
TVXX09XX1946,"PTY-30 STRAINER PN16 DN25, FLANGE, CAST IRON BODY, AISI 304 STRAINER & FILTER C/W COUNTER FLANGE, GASKET & MBR"
TVXX09XX1953,SEAL SEAT FOR FILLING VALVE 1A2-14-160 ESG
TVXX09XX1967,"GLOBE CONTROL VALVE V16/2G DN40 PN16,DI BODY,STDBONNET,PTFE/GR V-RING STEM,PARABOLIC PLUG,SOFT SEAL PTFE,LINIER PL,KVS25.PA281RA(1.2-2.4 SIG)+POSIT986+AIREG.P10"
TVXX09XX1968,"PRESSURE REDUCING VALVE W/ BALANCED SEAT D06FN, BRASS BODY, DN20 PN16, PRESS SET POINT 0.5 - 2 BAR, W/ PRESS GAUGE (0 - 4 BAR) EXTERNAL THREADED"
TVXX09XX1974,"SWING CHECK VALVE 502 SERIES, DN10 CF8M BODY 200 PSI THREADED NPT"
TVXX09XX1980,"TWO WAY GLOBE CONTROL V16/2S DN40 PN40, CS BODY, PTFE/GR V-RING STEM,PARABOLIC,SOFT SEAL PTFE,LINIER PL,KVS25.PA281RA (1.2-2.4 BAR)+POSITIONER 986+AIR REG. P10"
TVXX09XX1982,"TWO WAY GLOBE CONTROL VALVE V16/2G DN65 PN16,CI BODY,STD BONNET,PTFE/GR V-RING STEM,PARABOLIC PLUG,SOFT SEAL PTFE,LINIER PL,KVS63.PA341RA (1.2-2.8 RANGE)+POT 986+AIR REG. P10"
TVXX09XX1983,"FILLING VALVE WITH INTERNAL SEALING SERIES 1A2-18-172G, A32, DOUBLE ACTING SPRING RETURN, CF8M BODY, DN 25, TRI-CLAMP CONNECTION"
TVXX09XX1987,"FILLING VALVE WITH INTERNAL SEALING SERIES 1AC-20-130,A27, DOUBLE ACTING SPRING RETURN, SEAL PTFE, CF8M BODY, DN 15 THREADED G1"
TVXX09XX1989,"GLOBE CONTROL VALVE V16/2G DN20 PN16,DI BODY,STD BONNET,PTFE/GR V-RING STEM,PARABOLIC PLUG,SOFT SEAL PTFE,LINIER PL,KVS6.3 PA281RA(0.4-2 SIG)+POSIT986+AIREG.P10"
TVXX09XX1995,"PRESSURE REDUCING VALVE PRV57, CARBON STEEL BODY, HARDENED PLUG, FLANGED DN 40 PN 16 BLU SPRING (1.5-5.5 BAR) C/W COOPER TUBE ADCA"
TVXX09XX1996,"FLOAT STEAM TRAP SK-50 DN32 AO:10 BAR, DUCTILE IRON BODY, FLANGE, PN16"
TVXX09XX1997,PRESURE SAFETY VALVE CI DN40 X 65 PN16 FLANGE C/W SET. PRESS 6 BAR (SPRING L4066) ZETKAMA
TVXX09XX1999,ASPEN AEROGEL AYVAZ INSULATED JACKETS GLOBE VALVE FLANGE DN20 120-250 DEG C
TVXX09XX2000,"PRESSURE REDUCING VALVE PRV57, CARBON STEEL BODY, HARDENED PLUG, FLANGED DN 40 PN 16 RED SPRING (3.5-8.5 BAR) C/W COOPER TUBE ADCA"
TVXX09XX2007,"PRESSURE SAFETY VALVE CI, SET PRESSURE 7 (SPRING L-4084) BAR, DN50 X 80 PN16 FLANGE"
TVXX09XX2008,"PRESSURE SAFETY VALVE CI, SET PRESSURE 7 BAR (SPRING L-4018) DN20 X 32 PN16 FLANGE"
TVXX09XX2010,"3 WAY CONTROL VAL V303I,CF8M,DIVERT,STEM PTFE/GR V-RING,STD BONET,PLUG PL LNR METAL,KVS6.3,DN20 PN16 FLANGE C/W PNEU A PA281RA SIG(0.8-2.4BAR)+POSIT 986+AIR REG"
TVXX09XX2012,"PRESSURE SAFETY VALVE CI DN25 X 40 PN16 SETTING PRESSURE 10 BAR, FLANGE, LEVER"
TVXX09XX2019,OXMA-SO1 MODEL 010 ROTARY ELECTRIC ACTUATOR 220VAC 17X17
TVXX09XX2021,OXMA-SO1  MODEL 005 ROTARY ELECTRIC ACTUATOR 220VAC 11X14
TVXX09XX2022,OXMA-SO1  MODEL 008 ROTARY ELECTRIC ACTUATOR 220VAC 14X14
TVXX09XX2023,AIR FILTER + REGULATOR AW2000-02 C/W PRESSURE GAUGE 1.5-9 BAR CON # 1/4 G
TVXX09XX2024,"ANGLE SEAT VALVE TYPE100 SERIES A50 DOUBLE ACTING NORMALY CLOSE, DN20 ENTER ABOVE SEAT, PTFE SEALING, TRI-CLAMP, CUSTOM LENGTH"
TVXX09XX2027,"3 PC BALL VALVE CF8M BODY, PTFE SEAT DN 80 PN 40 FLANGE"
TVXX09XX2029,"GLOBE VALVE, GLAND PACKING, GV-40,PN40 DN50, FLANGE, CAST STEEL BODY & DISC AISI 304 + COUNTER FLANGE"
TVXX09XX2033,A.55.5900.050D ADCA CONDENSATE PUMP POPK-SD DUPLEX CONN FLANGED DN 50 X 50
TVXX09XX2044,"FILLING VALVE WITH INTERNAL SEALING SERIES 1A2-24-264G, A32, DOUBLE ACTING SPRING RETURN, CF8M BODY, DN 15, TRI-CLAMP CONNECTION"
TVXX09XX2047,"2 WAY GLOB-CON V16/2S DN50PN40,CS BODY,EXT-BONNET,SS BELLOWS-GRAPH STEM SEAL(BG1),PARABOLIC PL,MET TO MET,LINIER-PL,KVS40.PA25RA(2-4BAR)+POSPS100+AIREGP10"
TVXX09XX2048,"2 WAY GLOB-CON V16/2S DN100PN40,CS BODY,EXT-BONNET,SS BELLOWS-GRAPH STEM SEAL(BG1),PARABOLIC PL,MET TO MET,LINIER PL,KVS160.PA436RA(1.5-3BAR)+POSPS100+AIREGP10"
TVXX09XX2049,"2 WAY GLOB-CON V16/2G DN50PN16,SG IR BODY,STANDAR BONNET,PTFE/GR V-RING STEM,PARABOLIC PL,SOFT.S PTFE,LINIER-PL,KVS40.PA25RA(2-4BAR)+POSPS100+AIREGP10"
TVXX09XX2052,"GLOBE CONTROL VALVE V16/2I DN25 PN16,CF8M ,STD BONET,PTFE/GR V-RING STEM,PARABOLIC PLUG,SOFT SEAL PTFE,LINIER PL,KVS10.PA25RA(1.2-2.4 SIG)+POS PS100+AIR REG.P10"
TVXX09XX2060,"GLOBE CONTROL VALVE V16/2I DN20PN16,CF8M,STD BONET,PTFE/GR V-RING STEM,PARABOLIC PLUG,SOFT SEAL PTFE,LINIER PL,KVS6,3 PA10RA(1-2 SIG)+POS PS100 EXPROOF+AIREGP10"
TVXX09XX2061,"TWO WAY GLOBE CONTROL VALVE V16/2G DN40 PN16,DI BODY,STD BONNET,PTFE/GR V-RING STEM,PARABOLIC PLUG,SOFT SEAL PTFE,LINEAR PL,KVS25.PA25RA(1-2 RANGE )+AIR REG.P10"
TVXX09XX2062,"2 WAY GLOBE CONTROL VALVE V16/2G DN50 PN16,DI BODY,STD BONNET,PTFE/GR V-RING V1.2,PARABOLIC PLUG,METAL TO METAL,LINIER PL,KVS40.PA25RA(2-4SIG),FLANGED&AIREG P10"
TVXX09XX2063,"INTERMITTENT BLOWDOWN VALVE VPA26/2, CAST STEEL BODY, WITH MANUAL OPERATION, FLANGE, PN40 DN50 ADCA"
TVXX09XX2064,"X-PRESS EXP JOINT DBKF-90,FIX&FLOAT FLANGE ST37.2,BELLOW AISI321,INNER SLEEVE AISI304 PN16 DN25, AXIAL MOVE:200(-70;+20)MM,MAX T200C,MAX P10BAR,TIE ROD ST37.2"
TVXX09XX2065,"X-PRESS EXP JOINT DBKF-90,FIX&FLOAT FLANGE ST37.2,BELLOW AISI321,INNER SLEEVE AISI304 PN16 DN65, AXIAL MOVE:200(-70;+20)MM,MAX T200C,MAX P10BAR,TIE ROD ST37.2"
TVXX09XX2066,"X-PRESS EXP JOINT DBKF-120,FIX&FLOAT FLANGE ST37.2,BELLOW AISI321,INNER SLEEVE AISI304 PN16 DN80, AXIAL MOVE:200(-100;+20)MM,MAX T200C,MAX P10BAR,TIE ROD ST37.2"
TVXX09XX2067,"X-PRESS EXP JOINT DBKF-90,FIX&FLOAT FLANGE ST37.2,BELLOW AISI321,INNER SLEEVE AISI304 PN16 DN250,AXIAL MOVE:200(-70;+20)MM,MAX T200C,MAX P10BAR,TIE ROD ST37.2"
TVXX09XX2073,"2 WAY GLOBE CONTROL V16/2G DN50 PN16,DI BODY,STD BONNET,PTFE/GR V-RING STEM V1.2,PARABOLIC PLUG,SOFT S PTFE,LINIER PL,KVS40.PA25RA(2-4SIG)+POS PS100+AIR REG.P10"
TVXX09XX2084,"DOUBLE WINDOWS SIGHT GLASS DW12G, CAST IRON BODY & AISI, BOROSILICATE TEMPERED GLASS, FLANGE DN32 PN16 ADCA"
TVXX09XX2085,"PRESURE SAFETY VALVE CI DN25 X 40, SETTING PRESSURE 4.2 BAR, PN16 FLANGE, ZETKAMA"
TVXX09XX2087,"TWO WAY GLOBE CONTROL VALVE V16/2G DN80 PN16,DI BODY,STD BONNET,PTFE/GR V-RING STEM(V1.2),PARABOLIC PLUG,SOFT SEAL PTFE,LINIER PL,KVS100.PA40RA (2-4 RANGE)+PS100+AIR REG.P10"
TVXX09XX2088,"PRESSURE REDUCING VALVE Y43H/F-16, WCB BODY, HARDENED CHROMIUM PLUG, FLANGED DN50 PN16, MEDIA STEAM, PRESSURE ADJUST RANGE (0.25-1.6 MPA) C/W COOPER TUBE SENSING COVNA"
TVXX09XX2089,"PTY-40 STRAINER PN16-DN50, FLANGE, CAST IRON BODY, AISI 304 STRAINER & FILTER, AYVAS"
TVXX09XX2125,"ANGLE SEAT VALVE ,100 SERIES WITH SQUARE BONNET, CF8M BODY, PTFE SEAL, ACT 125AL SINGLE ACTING, FLANGE, DN80"
TVXX09XX2128,"BALL VALVE 2 PCS BODY, CF8 BODY, BALL SS304, SEAT MAT RPTFE, DN100 PN16, FLANGE, COVNA C/W SINGLE ACT ACTUATOR"
TVXX09XX2129,"BALL VALVE 2 PCS BODY, CF3M BODY, BALL CF3M, SEAT MAT RPTFE, DN100 PN16, FLANGE, COVNA C/W SINGLE ACT ACTUATOR"
TVXX09XX2130,"BALL VALVE 2 PCS BODY, CF3M BODY, BALL CF3M, SEAT MAT RPTFE, DN80 PN16, FLANGE, COVNA C/W SINGLE ACT ACTUATOR"
TVXX09XX2131,"BALL VALVE 2 PCS BODY, CF3M BODY, BALL CF3M, SEAT MAT RPTFE, DN80 PN16, FLANGE, HAND LEVER, COVNA"
TVXX09XX2132,"BALL VALVE 2 PCS BODY, CF3M BODY, BALL CF3M, SEAT MAT RPTFE, DN25 PN16, FLANGE, COVNA C/W SINGLE ACT ACTUATOR"
TVXX09XX2133,"BALL VALVE 2 PCS BODY, CF3M BODY, BALL CF3M, SEAT MAT RPTFE, DN25 PN16, FLANGE, HAND LEVER, COVNA"
TVXX09XX2134,"BALL VALVE 2 PCS BODY, CF8M BODY, BALL CF8M, SEAT MAT RPTFE, DN20 PN16, THREADED BSPT, HAND LEVER, COVNA"
TVXX09XX2135,"BALL VALVE 2 PCS BODY, CF8M BODY, BALL CF8M, SEAT MAT RPTFE, DN15 PN16, THREADED BSPT, HAND LEVER, COVNA"
TVXX09XX2136,"BALL VALVE 2 PCS BODY, CF8 BODY, BALL CF8, SEAT MAT RPTFE, DN100 PN16, FLANGE, HAND LEVER, COVNA"
TVXX09XX2137,"BOTTOM BLOWDOWN VALVE BODY ASTM A3216 PN 40 DN 40, AYVAZ W/ COUNTER TIMER DIGITAL CT4S-2P4, 220VAC, AUTONICS"
TVXX09XX2139,"BALL VALVE 2 PCS BODY, CF8M BODY, BALL CF8M, SEAT MAT RPTFE, DN20 PN16, THREADED, HAND LEVER, COVNA"
TVXX09XX2145,"PRESSURE SAFETY VALVE WCB DN32 X 50 PN16, SETTING PRESSURE 10 BAR, FLANGE, LEVER, COVNA"
TVXX09XX2207,BUTTERFLY VALVE INDUSTRIAL DN80 CAST IRON BODY EPDM SEAT WAFER C/W SINGLE ACT ACTUATOR + SOLENOID 24 VDC
TVXX09XX2208,BUTTERFLY VALVE INDUSTRIAL DN100 CAST IRON BODY EPDM SEAT WAFER C/W SINGLE ACT ACTUATOR + SOLENOID 24 VDC + LIMIT SWITCH
TVXX09XX2211,"BALL VALVE PVC BODY, DN100 PN16 CONN FLANGE, HAND LEVER"
TVXX09XX2213,"Y STRAINER IS16F, CAST IRON BODY, AISI 304 STRAINER & FILTER, DN40 PN16, FLANGE, ADCA"
TVXX03XX0057,"CHECK VALVES SC-200, AISI 316 BSP 1-1/4"" THREADED PN16, AYVAS"
TVXX03XX0064,"PKV-50 PNEUMATIC CONTROL VALVE AISI 316 PN16-2"" BSP THREADED, PTFE GASKET, AYVAS"
TVXX03XX0068,"BALL VALVES, V-2T,AISI316,PN63 BSP 1 1/4"" THREADED, AYVAS "
TVXX03XX0071,"BALL VALVES, V-2T,AISI316,PN63 BSP 2 1/2"" THREADED, AYVAS "
TVXX09XX0039,"BALL VALVE, SK-120 BSP 1"" THREADED, BRASS BODY, EPDM SEAL, PN 16, AYVAS"
TVXX03XX0054,"CHECK VALVES SC-200, AISI 316 BSP 1/2"" THREADED PN16, AYVAS"
TVXX09XX0037,"BALL VALVE, SK-120 BSP 1/2"" THREADED, BRASS BODY, EPDM SEAL, PN 16, AYVAS"
TVXX09XX0094,"PRESSURE REDUCING VALVE BDV-25 BSP 3/4"", CAST IRON BODY, THREADED, AYVAS"
TVXX03XX0517,"BALL VALVES, V3TP, AISI316 BODY, MOUNTING PAD C/W DOUBLE ACTING PNEU.ACT PN63 # 2"" THREADED BSP"
SAZX01XX0116,"FLEXIBLE METAL HOSE, INNER BELLOW SS304, BRAIDED SS304, CONN. WELD END SS304 # 6"" X 250 MM"
SBAD24XX0078,"AUTO BUTTERFLY V. CONN. UNION SMS VERTICAL PNEUMATIC ACTUATOR DOUBLE ACTING SS 316L # 2"" WITH 2 PROXIMITY SWITCH + SOLENOID VALVE 5/2 24 VDC"
SBAD24XX0089,"AUTO BUTTERFLY V. FER FER VERTICAL PNEU. DOUBLE ACTING SS 304 # 2 1/2"""
SBAD24XX0090,"AUTO BUTTERFLY V. FER FER VERTICAL PNEU. DOUBLE ACTING SS 304 # 2"""
TVXX03XX0530,"BALL VALVES, V3TP, AISI316, PN63 BSP 2"" THREADED, MOUNTING PAD C/W DOUBLE ACT ACTUATOR+LIMIT SWITCH"
SVKX24XX0009,"SANITARY CHECK VALVE ADCAPURE SRTH 10 HORIZONTAL INSTALLATION PTFE SEALS CLAMP END ASME BPE SS 316L # 3"" SRTH.501T.D80 ADCA"
TFBX31XX0004,"TEE REDUCER WELD SCH 40 SS 304 # 1 1/2"" X 1"""
TFBX31XX0006,"TEE REDUCER WELD SCH 40 SS 304 # 2"" X 1"""
TFBX31XX0008,"TEE WELD SCH 40 SS 304 # 1"""
TFXX03XX0001,"STRAINER, YS-800,AISI316,PN40 BSP 1/2"" THEREADED, AYVAS"
TFXX03XX0002,"STRAINER, YS-800,AISI316,PN40 BSP 3/4"" THREADED, AYVAS"
TFXX03XX0003,"STRAINER, YS-800,AISI316,PN40 BSP 1"" THREADED, AYVAS"
TFXX03XX0004,"STRAINER, YS-800,AISI316,PN40 BSP 1-1/4"" THREADED, AYVAS"
TGXX00XX0065,"SEAT BUTTERFLY VALVE INDUSTRIAL EPDM # 3"""
TLXX01XX0183,"FLANGE DIN PN 40 SS304 WNRF # 1"""
TLXX01XX0184,"FLANGE DIN PN 40 SS304 WNRF # 1 1/2"""
TLXX01XX0186,"FLANGE DIN PN 40 SS304 WNRF # 2 1/2"""
TVXX01XX0145,"BALL VALVE V-3 AKU3TZM SS 304 DIA 2"" (KITZ)"
TVXX01XX0143,"BALL VALVE V-3 AKU3TZM SS 304 DIA 1""    (KITZ)"
TVXX01XX0144,"BALL VALVE V-3 AKU3TZM SS 304 DIA 1/2"" (KITZ)"
TVXX01XX0041,"BALL VALVE # 2"" FLANGE JIS 10K SS 304"
TVXX01XX0042,"BALL VALVE # 3"" FLANGE JIS 10K SS 304"
TVXX09XX1664,"BUTTERFLY VALVE PVC 4"""
TVXX01XX0001,"BALL VALVE V-3 # 1/2"" SS 304"
TVXX01XX0002,"BALL VALVE V-1 "" 1/2"" SS 304"
TVXX01XX0004,"CHECK VALVES SC-200, AISI 316 BSP 2"" THREADED PN16, AYVAS"
TVXX01XX0024,"BALL VALVE V-3 # 1 1/2"" SS-304"
TVXX01XX0039,"Y STRAINER SS 304  JIS 10K # 2"" FLANGE"
TVXX01XX0051,"BALL VALVE V-3 PE # 2"" SS 304"
TVXX01XX0052,"BALL VALVES,V3TP,AISI304,PN40 BSP 1/4"" THREADED, MOUNTING PAD, AYVAZ"
TVXX01XX0072,"FLOAT SWITCH C2 , BALL SS304, COVER ABS,220VAC # 1"" THREADED, AYVAZ"
TVXX01XX0073,"FLOAT SWITCH C4 , BALL SS 304, COVER ALUMUNIUM, 220VAC # 1"" SQUARE FLANGE , AYVAZ"
TVXX01XX0074,"FLOAT VALVE KTS-50, 8 BAR, 220MM SS-304, # 3/4"""
TVXX01XX0096,"CHECK VALVE FLANGE BODY SS304 JIS10K # 2 1/2"""
TVXX01XX0097,"CHECK VALVE FLANGE BODY SS304 JIS10K # 2"""
TVXX01XX0098,"CHECK VALVE FLANGE BODY SS304 JIS10K # 3"""
TVXX01XX0136,"STRAINER SS 304  JIS 10K # 4"" FLANGE"
TVXX01XX0142,"BALL VALVE V-3 AKU3TZM SS 304 DIA 1.5"" (KITZ)"
TVXX01XX0148,"GATE VALVE SS304 THREADED #1/2"" PN40"
TVXX01XX0237,"BALL VALVE V-3 AKU3TZM SS 304 DIA 3/4"" (KITZ)"
TVXX01XX0245,"BALL VALVE V-1T BSPT BODY SS304 BALL SS304, PTFE SEAT, #1000PSI, 1"""
TVXX01XX0256,"BALL VALVE V-3T BSPT BODY SS304 BALL SS304 RPTFE SEAT, #1000PSI, 1/2"""
TVXX01XX0257,"BALL VALVE V-3T BSPT BODY SS304 BALL SS304 RPTFE SEAT, #1000PSI, 1"""
TVXX01XX0420,"Y-STRAINER 1""  BODY AISI SS304 ,SCREEN AISI 304, SCREW"
TVXX01XX0425,"BALL VALVE V-3T BSPT BODY SS304 BALL SS304 RPTFE SEAT, #1000PSI, 3/4"""
TVXX01XX0434,"GATE VALVE FLEXIBLE WEDGES, OS&Y  4"" JIS10K, BODY ASTM A182 F304, STEM ASTM A182 F304, FLANGE-RF, HANDWHEEL"
TVXX01XX0480,"DAMPER VALVE TYPE FLANGE, SS304, JIS 10K #12"" C/W PNEUMATIC ACTUATOR DOUBLE ACTING"
TVXX01XX0483,"GLOBE VALVE ANSI 150 # 1 1/2"" FLANGE RF  BODY SS304 HANDWHEEL OPERATED"
TVXX01XX0484,"GLOBE VALVE ANSI 150 # 2"" FLANGE RF  BODY SS304 HANDWHEEL OPERATED"
TVXX01XX0486,"BUTTERFLY VALVE TYPE FLANGE, BODY & AISI 304, ANSI 150 # 2"", WITH ELECTRIC ACTUATOR 24 VDC "
TVXX01XX0487,"BUTTERFLY VALVE TYPE FLANGE, BODY & AISI 304, ANSI 150 # 6"", WITH ELECTRIC ACTUATOR 24 VDC"
TVXX01XX0489,"BALL VALVE SUS 304, BALL SS 304, SEAT MAT PTFE, FLANGE JIS10K HAND LEVER # 1"" C/W COUNTER FLANGE"
TVXX01XX0490,"BALL VALVE SUS304, BALL SS304, SEAT MAT PTFE,  FLANGE JIS10K HAND LEVER # 1 1/2""  C/W COUNTER FLANGE"
TVXX01XX0491,"BALL VALVE SUS304, BALL SS304, SEAT MAT PTFE,  FLANGE JIS10K HAND LEVER # 2""  C/W COUNTER FLANGE"
TVXX01XX0492,"SWING CHECK VALVE, SS304 BODY, SS304 TRIM & DISC, FLANGE JIS10K # 3""  C/W COUNTER FLANGE"
TVXX01XX0493,"SWING CHECK VALVE, SS304 BODY, SS304 TRIM & DISC, FLANGE JIS10K # 5"" C/W COUNTER FLANGE"
TVXX01XX0494,"SWING CHECK VALVE, SS304 BODY, SS304 TRIM & DISC, FLANGE JIS10K # 8"" COUNTER FLANGE"
TVXX01XX0496,"WAFER CHECK VALVE TYPE DUAL PLATE ANSI 150 SS 304 # 4"""
TVXX01XX0497,"ELK-4 GALAXY CAPACITIVE LEVEL ELECTRODE SS304 BODY, 230 V, LENGHT 1000 PN40 1"" TREADED BSP 704900000352 "
TVXX01XX0498,"Y-STRAINER 3"" BODY AISI SS 304 ,SCREEN AISI 304, SCREW"
TVXX01XX0499,"BUTTERFLY VALVE FL 304 KITZ LVR 10UB 3"" SS 304 FLANGE TYPE (C/W GASKET, BOLT, NUT, RING)"
TVXX01XX0500,"BUTTERFLY VALVE FL 304 KITZ LVR 10UB 4"" SS 304 FLANGE TYPE (C/W GASKET, BOLT, NUT, RING)"
TVXX01XX0501,"BUTTERFLY VALVE FL 304 KITZ LVR 10UB 6"" SS 304 FLANGE TYPE (C/W GASKET, BOLT, NUT RING)"
TVXX01XX0502,"BUTTERFLY VALVE FL 304 KITZ LVR 10UB 2"" SS 304 FLANGE TYPE (C/W GASKET, BOLT, NUT, RING)"
TVXX01XX0503,"BUTTERFLY VALVE FL 304 KITZ LVR 10UB 2 1/2"" SS 304 FLANGE TYPE (C/W GASKET, BOLT, NUT, RING)"
TVXX01XX0505,"KNIFE GATE VALVE, BODY SS 304, SEAL EPDM, DISC SS 304, LUG END, JIS 10K, #2 1/2"", YONE"
TVXX01XX0506,"BALL VALVE THREADED NPT FEMALE X NPT MALE SS 304 # 1/2"""
TVXX01XX0509,"GATE VALVE, RISING STEM, SS304, FLANGE JIS 10K #3"""
TVXX01XX0511,"SOLENOID VALVE SS 304 BODY, NC, 220 VAC, THREADED # 2"", COMEBACK 2S-500-50-AC220V"
TVXX01XX0512,"Y STRAINER FLANGE JIS 10K SS 304 # 3"""
TVXX01XX0516,"3-PC FLOATING BALL VALVE  SS304 BODY PTFE SEAT  NORMALY CLOSE  ANSI 150 # 2 1/2"" FLANGE RF LEVER OPERATED WITH LOCKING DEVICE"
TVXX01XX0517,"3-PC FLOATING BALL VALVE  SS304 BODY PTFE SEAT  NORMALY CLOSE  ANSI 150 # 3"" FLANGE RF LEVER OPERATED WITH LOCKING DEVICE"
TVXX01XX0518,"3-PC FLOATING BALL VALVE  SS304 BODY PTFE SEAT  NORMALY OPEN  ANSI 150 # 2 1/2"" FLANGE RF LEVER OPERATED WITH LOCKING DEVICE"
TVXX01XX0519,"3-PC FLOATING BALL VALVE  SS304 BODY PTFE SEAT  NORMALY OPEN  ANSI 150 # 3"" FLANGE RF LEVER OPERATED WITH LOCKING DEVICE"
TVXX01XX0520,"FOOT VALVE SS 304 FLANGE JIS 10K # 2 1/2"""
TVXX01XX0521,"SAFETY VALVE MODEL HSU-6, SS 304 BODY, DISC SS 316, SET PRESSURE 3.5 BAR # 2"" X 2 1/2"" FLANGE TO FEMALE THREADED HANTS"
TVXX01XX0527,"FLOAT VALVE, 10 BAR, BODY & BALL FLOAT SS304, SCREW END NPT # 1 1/2"""
TVXX01XX0528,"FOOT VALVE, BODY & DISC AISI SS304, PTFE SEAT, ANSI 150 FLANGE # 2"""
TVXX01XX0529,"SAFETY RELIEF VALVE, BODY SS304, SET. PRESSURE 3 BAR, BSP THREAD # 1 1/2"""
TVXX01XX0536,"Y-STRAINER, BODY SS 304, SCREEN SS, FLANGED JIS 10K SS 304 # 4"" C/W FLANGE, GASKET, MUR + BAUT"
TVXX01XX0537,"Y-STRAINER, BODY SS 304, SCREEN SS, FLANGE JIS 10K SS 304 # 4"""
TVXX01XX0538,"BALL VALVES, V3TP, AISI316, PN63 BSP THREADED 1"" C/W SINGLE ACT PNEUMATIC + LIMIT SWITCH"
TVXX01XX0541,"BALL VALVE V-3 BUTT WELD SS 304 BODY, SEAT PTFE # 1"" C/W SINGLE ACTING ACTUATOR + LIMIT SWITCH"
TVXX01XX0542,"BALL VALVE V-3 BUTT WELD SS 304 BODY, SEAT PTFE # 1 1/2"" C/W SINGLE ACTING ACTUATOR + LIMIT SWITCH"
TVXX01XX0543,"BALL VALVE V-3 BUTT WELD SS 304 BODY, SEAT PTFE # 2 1/2"" C/W SINGLE ACTING ACTUATOR + LIMIT SWITCH"
TVXX01XX0552,"BUTTERFLY VALVE ANSI150, BODY SS304, PTFE SEAT, DISC SS304, HAND LEVER # 4"""
TVXX01XX0553,"BUTTERFLY VALVE ANSI150, BODY SS304, PTFE SEAT, DISC SS304, HAND LEVER # 5"""
TVXX01XX0554,"BUTTERFLY VALVE ANSI150, BODY SS304, EPDM SEAT, DISC SS304, GEAR OPERATED # 6"""
TVXX01XX0555,"BUTTERFLY VALVE ANSI150, BODY SS304, EPDM SEAT, DISC SS304, GEAR OPERATED # 8"""
TVXX01XX0557,"BUTTERFLY VALVE ANSI150, BODY SS304, PTFE SEAT, DISC SS304, GEAR OPERATED # 12"""
TVXX01XX0573,"DISCO CHECK VALVE, SINGLE PLATE, WCB BODY & AISI SS304, ANSI 150 # 2"""
TVXX01XX0576,"DISCO CHECK VALVE, SINGLE PLATE, WCB BODY & AISI SS304, ANSI 150 # 8"""
TVXX01XX0577,"DISCO CHECK VALVE, SINGLE PLATE, WCB BODY & AISI SS304, ANSI 150 # 10"""
TVXX01XX0578,"FOOT VALVE, BODY & DISC AISI SS304, PTFE SEAT, ANSI 150 FLANGE # 2 1/2"""
TVXX01XX0580,"FOOT VALVE, WCB BODY & DISC AISI SS304, PTFE SEAT, ANSI 150 FLANGE # 2"""
TVXX01XX0581,"FOOT VALVE, WCB BODY & DISC AISI SS304, PTFE SEAT, ANSI 150 FLANGE # 2 1/2"""
TVXX01XX0583,"FOOT VALVE, WCB BODY & DISC AISI SS304, PTFE SEAT, ANSI 150 FLANGE # 4"""
TVXX01XX0584,"FOOT VALVE, WCB BODY & DISC AISI SS304, PTFE SEAT, ANSI 150 FLANGE # 5"""
TVXX01XX0585,"FOOT VALVE, WCB BODY & DISC AISI SS304, PTFE SEAT, ANSI 150 FLANGE # 10"""
TVXX01XX0587,"BALL FLOATING VALVE CONNECTION FEMALE THREADED SS 304 # 1 1/2"""
TVXX01XX0588,"BALL FLOATING VALVE CONNECTION FEMALE THREADED SS 304 # 2"""
TVXX01XX0589,"BUTTERFLY VALVE ANSI150, BODY SS304, EPDM SEAT, DISC SS304, GEAR OPERATED, # 10"""
TVXX01XX0590,"BUTTERFLY VALVE ANSI150, BODY SS304, EPDM SEAT, DISC SS304, GEAR OPERATED, # 12"""
TVXX01XX0591,"THERMODINAMIC STEAM TRAP DT40/2 STAINLESS BODY 1"" PN63 THREADED ISO 7RP ADCA"
TVXX01XX0599,"BUTTERFLY VALVE TYPE FLANGE, ANSI150, BODY SS304, PTFE SEAT, DISC SS304, GEAR OPERATED, # 14"""
TVXX01XX0601,"BUTTERFLY VALVE ANSI150, BODY SS304, PTFE SEAT, DISC SS304, CHAIN WHEEL OPERATED, # 10"""
TVXX01XX0602,"BALL VALVE INDUSTRIAL 3 PIECE BODY AISI 304, PTFE SEAT, ANSI150 HAND LEVER, LONG BUTT WELD  # 1 1/2"""
TVXX01XX0603,"BALL VALVE INDUSTRIAL 3 PIECE BODY AISI 304, PTFE SEAT, ANSI150 HAND LEVER, LONG BUTT WELD  # 1"""
TVXX01XX0604,"BALL VALVE INDUSTRIAL 3 PIECE BODY AISI 304, PTFE SEAT, ANSI150 HAND LEVER, LONG BUTT WELD  # 1/2"""
TVXX01XX0605,"BALL VALVE INDUSTRIAL 3 PIECE BODY AISI 304, PTFE SEAT, ANSI150 HAND LEVER, LONG BUTT WELD  # 2"""
TVXX01XX0606,"BALL VALVE INDUSTRIAL 3 PIECE BODY AISI 304, PTFE SEAT, ANSI150 HAND LEVER, LONG BUTT WELD # 2 1/2"""
TVXX01XX0609,"FOOT VALVE SS304 BODY JIS 10K # 4"" FLANGE"
TVXX01XX0610,"BALL VALVE SUS316, BALL SS316, SEAT MAT PTFE, FLANGE JIS 10K HAND LEVER # 1"""
TVXX01XX0611,"BALL VALVE SUS316, BALL SS316, SEAT MAT PTFE, FLANGE JIS 10K HAND LEVER # 2"""
TVXX01XX0612,"BALL VALVES 2 PCS BODY, SS316 BODY, AISI316, PTFE SEAT, JIS 10K # 1"" FLANGE C/W SINGLE ACT ACTUATOR & SOLENOID 24 VDC EX-PROOF"
TVXX01XX0613,"BALL VALVES 2 PCS BODY, SS316 BODY, AISI316, PTFE SEAT, JIS 10K # 2"" FLANGE C/W SINGLE ACT ACTUATOR & SOLENOID 24 VDC EX-PROOF"
TVXX01XX0614,"PRESSURE SAFETY VALVE SS 316 BODY, SET.PRESS 1.5 BAR # 1"" THREADED BSPT"
TVXX01XX0616,"BALL VALVE SS 304, BALL SS 304, SEAT MAT PTFE, FLANGE JIS 10K HAND LEVER # 2"" KITZ 10 UTB"
TVXX01XX0617,"BALL VALVE SS 304, BALL SS 304, SEAT MAT PTFE, FLANGE JIS 10K GEAR OPERATED # 6"" C/W COUNTER FLANGE"
TVXX01XX0618,"BALL VALVE 2PC BODY, SS304 BODY & BALL, SEAT PTFE, JIS 10K # 4"", FLANGE C/W ELECTRIC ACTUATOR 220 VAC"
TVXX01XX0619,"BALL VALVE 2PC BODY, SS304 BODY & BALL, SEAT PTFE, JIS 10K # 6"", FLANGE C/W ELECTRIC ACTUATOR 220 VAC"
TVXX01XX0631,"SINGLE DOOR CHECK VALVE, CF3M BODY, CF3M TRIM & DISC ANSI150 # 1 1/2"", COVNA"
TVXX01XX0632,"SINGLE DOOR CHECK VALVE, CF3M BODY, CF3M TRIM & DISC ANSI150 # 2"", COVNA"
TVXX01XX0633,"SINGLE DOOR CHECK VALVE, CF3M BODY, CF3M TRIM & DISC ANSI150 # 3"", COVNA"
TVXX01XX0634,"SINGLE DOOR CHECK VALVE, CF3M BODY, CF3M TRIM & DISC ANSI300 # 1 1/2"", COVNA"
TVXX01XX0635,"SINGLE DOOR CHECK VALVE, CF3M BODY, CF3M TRIM & DISC ANSI300 # 3"", COVNA"
TVXX01XX0636,"SINGLE DOOR CHECK VALVE, CF3M BODY, CF3M TRIM & DISC ANSI300 # 4"", COVNA"
TVXX02XX0014,"Y-STRAINER 1 1/2"" ANSI 150 BODY SS304L,SCREEN AISI 304L, FLANGE-RF"
TVXX02XX0016,"Y-STRAINER 2 1/2"" ANSI 150 BODY SS304L,SCREEN AISI 304L, FLANGE-RF"
TVXX02XX0022,"Y-STRAINER 14"" ANSI 150 BODY SS304L,SCREEN AISI 304L, FLANGE-RF"
TVXX03XX0002,"1.5"" PISTON VALVE FLANGE , DIN SS 316 PNEUMATIC+LIMIT SWITCH OPEN AND CLOSED"
TVXX03XX0006,"BALL VALVE V-3 # 1 1/4"" SS 316"
TVXX03XX0007,"BALL VALVE V-3 # 1 1/2"" SS 316"
TVXX03XX0010,"BALL VALVE V-3 PE # 1 1/2"" SS 316"
TVXX03XX0016,"BALL VALVE V-3 PE # 4"" SS 316 SANITARY"
TVXX03XX0044,"BALL VALVE V-3 PE "" 1"" SS-316"
TVXX03XX0045,"BALL VALVE V-3 PE "" 2"" SS-316"
TVXX03XX0056,"CHECK VALVES SC-200, AISI 316 BSP 1"" THREADED PN16, AYVAS"
TVXX03XX0058,"CHECK VALVES SC-200, AISI 316 BSP 1-1/2"" THREADED PN16, AYVAS"
TVXX03XX0059,"PKV-50 PNEUMATIC CONTROL VALVE AISI 316 PN16-1/2"" THREADED, PTFE GASKET, AYVAS"
TVXX03XX0060,"PKV-50 PNEUMATIC CONTROL VALVE AISI 316 PN16-3/4"" BSP THREADED, PTFE GASKET, AYVAS"
TVXX03XX0061,"PKV-50 PNEUMATIC CONTROL VALVE AISI 316 PN16-1"" BSP THREADED, PTFE GASKET, AYVAS"
TVXX03XX0062,"PKV-50 PNEUMATIC CONTROL VALVE AISI 316 PN16-1 1/4"" BSP THREADED, PTFE GASKET, AYVAS"
TVXX03XX0063,"PKV-50 PNEUMATIC CONTROL VALVE AISI 316 PN16-1 1/2"" BSP THREADED, PTFE GASKET, AYVAS"
TVXX03XX0065,"BALL VALVES, V-2T,AISI316,PN63 BSP 1/2"" THREADED, AYVAS"
TVXX03XX0066,"BALL VALVES, V-2T,AISI316,PN63 BSP 3/4"" THREADED, AYVAS"
TVXX03XX0067,"BALL VALVES, V-2T,AISI316,PN63 BSP 1"" THREADED, AYVAS"
TVXX03XX0069,"BALL VALVES, V-2T,AISI316,PN63 BSP 1 1/2"" THREADED, AYVAS"
TVXX03XX0070,"BALL VALVES, V-2T,AISI316,PN63 BSP 2"" THREADED, AYVAS"
TVXX03XX0081,"BALL VALVES,V3TP,AISI316,PN40 BSP 1/2"" THREADED, MOUNTING PAD, AYVAS"
TVXX03XX0082,"BALL VALVES,V3TP,AISI316,PN40 BSP 3/4"" THREADED, MOUNTING PAD, AYVAS"
TVXX03XX0083,"BALL VALVES,V3TP,AISI316,PN40 BSP 1"" THREADED, MOUNTING PAD, AYVAS"
TVXX03XX0084,"BALL VALVES,V3TP,AISI316,PN40 BSP 1 1/4"" THREADED, MOUNTING PAD, AYVAS"
TVXX03XX0085,"BALL VALVES,V3TP,AISI316,PN40 BSP 1 1/2"" THREADED, MOUNTING PAD, AYVAS"
TVXX03XX0086,"BALL VALVES,V3TP,AISI316,PN40 BSP 2"" THREADED, MOUNTING PAD, AYVAS"
TVXX03XX0087,"BALL VALVES,V3TP,AISI316,PN40 BSP 2 1/2"" THREADED, MOUNTING PAD, AYVAS"
TVXX03XX0099,"BALL VALVE V-1 # 2"" SS-316"
TVXX03XX0100,"BALL VALVE V-1 # 3/8"" SS-316"
TVXX03XX0102,"BALL VALVE V-2 # 1/4"" SS-316"
TVXX03XX0105,"BALL VALVE V-3TP AISI316 PN40 BSP 1"" THREADED  C/W ACT LIMIT SWITCH"
TVXX03XX0111,"BALL VALVE V-3FP # 1 1/2"" WITH ELECTRIC ACTUATOR SS 316 (AYVAZ)"
TVXX03XX0112,"BALL VALVE V-3FP # 3"" WITH ELECTRIC ACTUATOR SS 316 (AYVAZ)"
TVXX03XX0134,"1"" PISTON VALVE THREADED , DIN SS 316 PNEUMATIC+LIMIT SWITCH OPEN AND CLOSED"
TVXX03XX0139,"BALL VALVE V-1 #  1/4"" SS 316"
TVXX03XX0140,"BALL VALVES V-3T AISI316 PN40 BSP 1 1/2"""
TVXX03XX0141,"BALL VALVES V-3T AISI316 PN40 BSP 2"""
TVXX03XX0142,"BALL VALVES V-3T AISI316 PN40 BSP 2 1/2"""
TVXX03XX0143,"BALL VALVES V-3T AISI316 PN40 BSP 3"""
TVXX03XX0152,"BALL VALVES V-3T AISI316 PN40 BSP 3/4"""
TVXX03XX0216,"BALL VALVE SUS316, BALL SUS316, SEAT MAT RPTFE,  FLANGE ANSI150 HAND LEVER # 6"""
TVXX03XX0247,"BALL VALVE V-3 THREADED SS 316 # 1/2"""
TVXX03XX0248,"BALL VALVE V-3 AKU3TZM SS 316 DIA 1/2"" (KITZ)"
TVXX03XX0249,"BUTERFLY VALVE ALUMINIUM DIE-CAST BODY  EPDM SEAT,AISI 316 DISC  HAND LEVER, JIS 10K # 1 1/2"" WAFER KITZ"
TVXX03XX0250,"BUTERFLY VALVE ALUMINIUM DIE-CAST BODY  EPDM SEAT,AISI 316 DISC  HAND LEVER, JIS 10K # 4"" WAFER KITZ"
TVXX03XX0258,"BALL VALVE V-2T BSPT BODY SS316 BALL SS316 PTFE SEAT, #1000PSI, 1"""
TVXX03XX0321,"FOOT VALVE SS316 BSPT 1"""
TVXX03XX0385," BALL VALVES,V3TP,AISI316,PN63 BSP 3"" THREADED, MOUNTING PAD, WITH ELECTRIC ACTUATOR 220 VAC, AYVAZ  "
TVXX03XX0387,"CUSTOM PKV-50 PISTON PNEUMATIC CONTROL VALVE AISI 316 PN16-1 1/4"" FLANGE JIS10K, PTFE GASKET"
TVXX03XX0388,"CUSTOM PKV-50 PISTON PNEUMATIC CONTROL VALVE AISI 316 PN16-1 1/2"" FLANGE JIS10K, PTFE GASKET"
TVXX03XX0396,"CUSTOM PKV-50 PISTON PNEUMATIC CONTROL VALVE AISI 316 DN32 SEAT PTFE , FLANGE DIN PN16 SS304 # 1 1/4"""
TVXX03XX0400,"BALL VALVES, V3TP, AISI316, PN63 BSP 2""+ PNEUMATIC ACTUATOR SINGLE ACTING"
TVXX03XX0401,"BALL VALVES, V3TP, AISI316, PN63 BSP 3""+ PNEUMATIC ACTUATOR SINGLE ACTING"
TVXX03XX0402,"BUTTERFLY VALVE WAFER TYPE, JIS 10K, SEAT PTFE, BODY SS316, SUS316 DISC & SHAFT, HANDLEVER # 6"" KITZ (FL 304 KITZ LVR 10UB)"
TVXX03XX0406,"AIR ELEMINATOR (AIR VENT) AE16SS SS316 BSP 3/4"" PN16"
TVXX03XX0409,"BALL VALVE V-3 PE # 3"" SS 316"
TVXX03XX0412,"SWING CHECK VALVE FL 316 KITZ 10UOAMT 3"" SS 316 FLANGE TYPE (C/W GASKET, BOLT, NUT, RING)"
TVXX03XX0416,"FILLING VALVE SERIES 101-C SS316 BODY PTFE SEAL C/W ACTUATOR DOUBLE ACTING 1/2"" THREADED ESG"
TVXX03XX0417,"THERMOSTATIC  STEAM TRAP TKK-41 AISI 316 BODY, WORKING PRESSURE UP TO 45 BAR # 1/2""  SCREWED BSP  AYVAZ  703100501001"
TVXX03XX0419,"BALL VALVES, V3TP, AISI316 BODY, MOUNTING PAD C/W DOUBLE ACTING PNEU.ACT PN63 # 2 1/2"" THREADED BSP"
TVXX03XX0421,"FILLING VALVE SERIES 1AF SS316 BODY PTFE SEAL C/W ACTUATOR DOUBLE ACTING NORMALLY CLOSE 1/2"" THREADED ESG"
TVXX03XX0424,"BALL VALVES, V3TP, AISI316, PN63 BSP 2 1/2""+ PNEUMATIC ACTUATOR SINGLE ACTING"
TVXX03XX0434,"NEEDLE VALVE STRAIGHT PATTERN, PTFE, 1/2"" CLASS 10000 PSI, SS 316 BODY, FLANGE ANSI 150LB"
TVXX03XX0435,"Y-STRAINER, SS 316 BODY, SS 316 SCREEN, FLANGE PN 40 # 3"""
TVXX03XX0439,"STRAINER, YS-800, AISI316, PN40 BSP 2"" THEREADED, AYVAS"
TVXX03XX0459,"GATE VALVE, SS 316 BODY, CLASS 200 PSI, CONN. THREADED BSPT # 1"""
TVXX03XX0486,"BUTTERFLY VALVE WAFER UNIVERSAL, BODY SS316, PTFE, DISC SS316, LEVER OPERATED, # 3"" C/W FLANGE, BAUT, MUR"
TVXX03XX0487,"BUTTERFLY VALVE WAFER UNIVERSAL, BODY SS316, PTFE, DISC SS316, LEVER OPERATED, # 4"" C/W FLANGE, BAUT, MUR"
TVXX03XX0494,"GATE VALVE, 1"" ANSI 800, BODY ASTM A182 F316, DISC ASTM A182 F316, STEM A276 T316, SEAT ASTM A182 F316, SOCKET WELD, HANDWHEEL"
TVXX03XX0495,"BUTERFLY VALVE ALUMINIUM BODY, WAFER KITZ 10XJMEA, EPDM SEAT, AISI 316 DISC, HAND LEVER, JIS 10K # 2 1/2"" (C/W FLANGE, GASKET, BOLT, NUT, RING)"
TVXX03XX0499,"BALL VALVES, V3TP, AISI316, PN63 BSP THREADED 1/2"" + PNEUMATIC ACTUATOR SINGLE ACTING"
TVXX03XX0508,"BUTTERFLY VALVE WAFER UNIVERSAL, BODY SS316, PTFE SEAT, DISC SS316 # 4"" C/W DOUBLE ACTING ACTUATOR"
TVXX03XX0515,"BALL VALVES, V3TP, AISI316, PN63 BSP THREADED 1 1/4"" C/W SINGLE ACT PNEUMATIC"
TVXX03XX0532,"BUTTERFLY VALVE WAFER TYPE, ANSI 150 #4"" CAST STEEL BODY, SEAT ASTM A105+HFSTL 6, GRAPHITE PACKING, DISC A216 WCB+HF410 & SHAFT, GEAR OPERATED, COVNA"
TVXX03XX0533,"BUTTERFLY VALVE WAFER TYPE, ANSI 150 #6"" CAST STEEL BODY, SEAT ASTM A105+HFSTL 6, GRAPHITE PACKING, DISC A216 WCB+HF410 & SHAFT, GEAR OPERATED, COVNA"
TVXX03XX0534,"BUTTERFLY VALVE WAFER TYPE, ANSI 150 #8"" CAST STEEL BODY, SEAT ASTM A105+HFSTL 6, GRAPHITE PACKING, DISC A216 WCB+HF410 & SHAFT, GEAR OPERATED, COVNA"
TVXX03XX0535,"BUTTERFLY VALVE WAFER TYPE, ANSI 150 #10"" CAST STEEL BODY, SEAT ASTM A105+HFSTL 6, GRAPHITE PACKING, DISC A216 WCB+HF410 & SHAFT, GEAR OPERATED, COVNA"
TVXX03XX0536,"BUTTERFLY VALVE LUGGED TYPE, ANSI150 #6"" CF3M BODY, SEAL & SEAT GRAPHITE, DISC CF3M & SHAFT, GEAR OPERATED, COVNA"
TVXX03XX0537,"BUTTERFLY VALVE LUGGED TYPE, ANSI300 #6"" CF3M BODY, SEAL & SEAT GRAPHITE, DISC CF3M & SHAFT, GEAR OPERATED, COVNA"
TVXX03XX0538,"BUTTERFLY VALVE LUGGED TYPE, ANSI300 #8"" CF3M BODY, SEAL & SEAT GRAPHITE, DISC CF3M & SHAFT, GEAR OPERATED, COVNA"
TVXX03XX0539,"NEEDLE VALVE STRAIGHT PATTERN 1"" ANSI 150 ASTM A351 Gr. SS 316L, TRIM SEAT RPTFE, FEMALE NPT, COVNA"
TVXX03XX0540,"NEEDLE VALVE STRAIGHT PATTERN 1"" ANSI 300 ASTM A351 Gr. SS 316L, TRIM SEAT RPTFE, FEMALE NPT, COVNA"
TVXX03XX0543,"BALL VALVE, V3TP, AISI316, PN63 BSP THREADED 1"" C/W SINGLE ACT PNEUMATIC"
TVXX04XX0059,"AIR RELEASE VALVE (AIR VENTING) CONN. FERRULE SS 316L # 2"""
TVXX04XX0061,"AIR RELEASE VALVE (AIR VENTING) SS 316L # 1/2"""
TVXX04XX0062,"AIR RELEASE VALVE (AIR VENTING) SS 316L # 3/4"""
TVXX04XX0065,"DIAPHRAGM VALVE 1"" 316L"
TVXX04XX0071,"BALL VALVES,V3TP,AISI316,PN63 BSP THREADED 1/2""  C/W  SINGLE ACT PNEUMATIC, SOLENOID 24VDC"
TVXX04XX0079,"DISCO CHECK VALVE, SINGLE PLATE,BODY & AISI SS316L, ANSI 150 # 8"""
TVXX04XX0088,"BALANCED PRESSURE THERMOSTATIC STEAM TRAP CLEAN STEAM TSS7 (A) SS 316L CONN. CLAMP END ASME BPE # 3/4"" ADCAPURE"
TVXX09XX0008,"NIBCO OS&Y GATE VALVE 1"" THREADED END EUET104025"
TVXX09XX0010,"NIBCO OS&Y GATE VALVE 11/2"" THREADED END EUET104040"
TVXX09XX0041,"BALL VALVE, SK-120 BSP 1 1/2"" THREADED, BRASS BODY, EPDM SEAL, PN 16, AYVAS"
TVXX09XX0042,"BALL VALVE, SK-120 BSP 2"" THREADED, BRASS BODY, EPDM SEAL, PN 16, AYVAS"
TVXX09XX0087,"FLOAT STEAM TRAP SK-50 BSP 2"" AO : 10 BAR, CAST IRON BODY, THREADED, PN16, AYVAS"
TVXX09XX0093,"PRESSURE REDUCING VALVE BDV-25 BSP 1/2"", CAST IRON BODY, THREADED, AYVAS"
TVXX09XX0095,"PRESSURE REDUCING VALVE BDV-25 BSP 1"", CAST IRON BODY, THREADED, AYVAS"
TVXX09XX0106,"BUTTERFLY VALVE KITZ 10XJMEA MS DIA. 4"""
TVXX09XX0109,"BALL VALVE # 2"" FLANGE JIS 10K CS KITZ"
TVXX09XX0119,"BALL VALVE KUNINGAN # 1/2"""
TVXX09XX0238,"GLOBE VALVE,CAST IRON, FLANGE JIS 10 K #1.5"""
TVXX09XX0298,"THERMOSTATIC AIR VENT, BODY A105, THREAD NPT, TKK-42, DIA 1"""
TVXX09XX0400,"THERMOSTATIC AIR VENT, BODY A105, THREAD NPT, TKK-42, DIA 1/2"""
TVXX09XX0459,"FLOAT STEAM TRAP SK-50 BSP 1 1/2"" AO : 10 BAR, DUCTILE IRON BODY, THREADED, PN16, AYVAS"
TVXX09XX0537,"AIR ELEMINATOR(AIR VENT) AE16-14V CI BSP 1/2"" PN16"
TVXX09XX0539,"AIR ELEMINATOR(AIR VENT) AE16-14V CI BSP 1"" PN16"
TVXX09XX0589,"AUTOMATIC AIR VENT BODY BRONZE, CONNECTION 1/2"""
TVXX09XX1102,"Y-STRAINER 1"" ANSI 150 BODY ASTM A216 Gr.WCB, SCREEN AISI 316, FLANGE-RF"
TVXX09XX1103,"Y-STRAINER 1 1/2"" ANSI 150 BODY ASTM A216 Gr.WCB, SCREEN AISI 316, FLANGE-RF"
TVXX09XX1105,"Y-STRAINER 2 1/2"" ANSI 150 BODY ASTM A216 Gr.WCB, SCREEN AISI 316, FLANGE-RF"
TVXX09XX1106,"Y-STRAINER 4"" ANSI 150 BODY ASTM A216 Gr.WCB,SCREEN AISI 316, FLANGE-RF"
TVXX09XX1107,"Y-STRAINER 8"" ANSI 150 BODY ASTM A216 Gr.WCB,SCREEN AISI 316, FLANGE-RF"
TVXX09XX1108,"Y-STRAINER 10"" ANSI 150 BODY ASTM A216 Gr.WCB,SCREEN AISI 316, FLANGE-RF"
TVXX09XX1111,"Y-STRAINER 1"" ANSI 300 BODY ASTM A216 Gr.WCB,SCREEN AISI 316, FLANGE-RF"
TVXX09XX1113,"Y-STRAINER 2"" ANSI 300 BODY ASTM A216 Gr.WCB,SCREEN AISI 316, FLANGE-RF"
TVXX09XX1114,"Y-STRAINER 2 1/2"" ANSI 300 BODY ASTM A216 Gr.WCB,SCREEN AISI 316, FLANGE-RF"
TVXX09XX1115,"Y-STRAINER 3"" ANSI 300 BODY ASTM A216 Gr.WCB,SCREEN AISI 316, FLANGE-RF"
TVXX09XX1143,"GLOBE VALVE GLAND PACKING 1"" JIS 10 K ASTM A216 GR.WCB, FLANGE-RF, HANDWHEEL"
TVXX09XX1144,"GLOBE VALVE GLAND PACKING 1 1/2"" JIS 10 K ASTM A216 GR.WCB, FLANGE-RF, HANDWHEEL"
TVXX09XX1145,"GLOBE VALVE GLAND PACKING 2"" JIS 10 K ASTM A216 GR.WCB, FLANGE-RF, HANDWHEEL"
TVXX09XX1146,"GLOBE VALVE GLAND PACKING 2 1/2"" JIS 10 K ASTM A216 GR.WCB, FLANGE-RF, HANDWHEEL"
TVXX09XX1147,"GLOBE VALVE GLAND PACKING 3"" JIS 10 K ASTM A216 GR.WCB, FLANGE-RF, HANDWHEEL"
TVXX09XX1148,"GLOBE VALVE GLAND PACKING 4"" JIS 10 K ASTM A216 GR.WCB, FLANGE-RF, HANDWHEEL"
TVXX09XX1149,"GLOBE VALVE GLAND PACKING 6"" JIS 10 K ASTM A216 GR.WCB, FLANGE-RF, HANDWHEEL"
TVXX09XX1195,"GLOBE VALVE STRAIGHT PATTERN, 2 1/2"" ANSI 150, A351 Gr. CF8, TRIM 304, FLANGE-RF,HANDWHEEL"
TVXX09XX1439,"PRESSURE REDUCING VALVE BDV-25 GREEN :1.40 - 4 BAR G ,BSP 1/2"", CAST IRON BODY, THREADED, AYVAS"
TVXX09XX1440,"PRESSURE REDUCING VALVE BDV-25 ORANGE :3.50 - 8.60 BAR G ,BSP 1/2"", CAST IRON BODY, THREADED, AYVAS"
TVXX09XX1441,"PRESSURE REDUCING VALVE BDV-25 GREEN :1.40 - 4 BAR G ,BSP 3/4"", CAST IRON BODY, THREADED, AYVAS"
TVXX09XX1442,"PRESSURE REDUCING VALVE BDV-25 ORANGE :3.50 - 8.60 BAR G ,BSP 3/4"", CAST IRON BODY, THREADED, AYVAS"
TVXX09XX1443,"PRESSURE REDUCING VALVE BDV-25 GREEN :1.40 - 4 BAR G ,BSP 1"", CAST IRON BODY, THREADED, AYVAS"
TVXX09XX1444,"PRESSURE REDUCING VALVE BDV-25 ORANGE :3.50 - 8.60 BAR G, BSP 1"", CAST IRON BODY, THREADED, AYVAS"
TVXX09XX1460,"PENDENT SPRINKLER STANDARD RESPONSE K-FACTOR 68DEG C , WHITE COATED UL LISTED 1/2"""
TVXX09XX1461,"UPRIGHT SPRINKLER STANDARD RESPONSE K-FACTOR 68DEG C , BRASS COATED, UL LISTED1/2"""
TVXX09XX1491,"THERMOSTATIC STEAM TRAPS TKK-2Y, BODY FORGED STEEL  ,PN40 # 1/2"" THREADED AYVAZ"
TVXX09XX1499,"GEMU 514/25/D 195-1-1 ANGLE GLOBE VALVE PN16 REG 5, METAL WITH 2/2, SEAT PTFE #1 1/2"""
TVXX09XX1521,"NIBCO OS&Y GATE VALVE 2"" THREADED END EUET104025"
TVXX09XX1534,"BUTERRFLY VALVE WAFER JIS 10K PVC BODY C/W PNEU.ACTUATOR AND SELENOID 220 VAC # 2 1/2"""
TVXX09XX1539,"GLOBE VALVE  BELLOW SEAL ANSI 150, ASTM A105 BODY ,SS 420 STEM # 1 1/2""FLANGE HANDWHEEL OPERATED"
TVXX09XX1547,"THERMOSTATIC STEAM TRAP JIS 16K, CAST IRON BODY, FLANGE # 2"""
TVXX09XX1549,"SINGLE ACTING PNEUMATIC ACTUATOR FOR 1"" BUTTERFLY VALVE C/W SOLENOID 220VAC, LIMIT SWITCH, BRACKET, COLLAR"
TVXX09XX1550,"SINGLE ACTING PNEUMATIC ACTUATOR FOR 1 1/2"" BUTTERFLY VALVE C/W SOLENOID 220VAC, LIMIT SWITCH, BRACKET, COLLAR"
TVXX09XX1551,"SINGLE ACTING PNEUMATIC ACTUATOR FOR 2"" BUTTERFLY VALVE C/W SOLENOID 220VAC, LIMIT SWITCH, BRACKET, COLLAR"
TVXX09XX1552,"SINGLE ACTING PNEUMATIC ACTUATOR FOR 3"" BUTTERFLY VALVE C/W SOLENOID 220VAC, LIMIT SWITCH, BRACKET, COLLAR"
TVXX09XX1553,"SINGLE ACTING PNEUMATIC ACTUATOR FOR 2"" BALL VALVE C/W SOLENOID 220VAC, LIMIT SWITCH, BRACKET, COLLAR"
TVXX09XX1555,"Y-STRAINER 1 1/4"" ANSI 150 BODY ASTM A216 Gr.WCB, SCREEN AISI 316, FLANGE-RF"
TVXX09XX1556,"Y-STRAINER 12"" ANSI 150 BODY ASTM A216 Gr.WCB,SCREEN AISI 316, FLANGE-RF"
TVXX09XX1572,"BUTTERFLY VALVE CI WAFER TYPE, EPDM LINING, MANUAL HAND-LEVER, JIS 10K # 5"" C/W COUNTER FLANGE"
TVXX09XX1573,"BUTTERFLY VALVE CI WAFER TYPE, EPDM LINING, MANUAL HAND-LEVER, JIS 10K # 8"" C/W COUNTER FLANGE"
TVXX09XX1574,"BUTTERFLY VALVE CI WAFER TYPE, EPDM LINING, MANUAL HAND-LEVER, JIS10K # 3"" C/W COUNTER FLANGE"
TVXX09XX1577,"GATE VALVE, RISING STEM, CS, FLANGE ANSI 150  #3"" KITZ"
TVXX09XX1598,"GLOBE VALVE T PATTERN  3/4"" ANSI 2500 ASTM  A182 BODY MAX.TEMP 450 DEG  BUTT WELD HANDWHEEL"
TVXX09XX1600,"GLOBE VALVE DUCTILE IRON THREADED JIS 10K #1/2"""
TVXX09XX1614,"AIR ELIMINATOR (AIR VENT) AE16-SSV SS 316 BSPT 1/2"" PN16"
TVXX09XX1619,"SINGLE DOOR WAFER CHECK VALVE, CI BODY, SUS304 DISC, JIS 10K # 1 1/2"""
TVXX09XX1620,"SOLENOID VALVE BRASS BODY, NC, 220 VAC, THREADED BSPT, #1/2"", UNI-D US-15-AC220"
TVXX09XX1623,"PRESSURE REDUCING VALVE DIRECT ACTING RET 20-S SS316 BODY, SEAL VITON, RANGE 1-6 KGF/CM2, CV 4.0 # 3/4"" BSP ZTIDE"
TVXX09XX1624,"PRESSURE REDUCING VALVE DIRECT ACTING RET 40-S  SS316 BODY, SEAL VITON, RANGE 1-6 KGF/CM2, CV 13.0 # 1 1/2"" BSP ZTIDE"
TVXX09XX1632,"BUTTERFLY VALVE INDUSTRIAL, # 8"" ANSI 150, CAST STEEL BODY, DISC SS 316, PTFE SEAT, WAFER C/W DOUBLE ACTING PNEUMATIC ACTUATOR"
TVXX09XX1642,"GLOBE VALVE,CAST IRON, FLANGE ANSI 150 # 8"""
TVXX09XX1643,"PRESSURE REDUCING VALVE, FLANGE  PR- 3AF CAST IRON BODY, RANGE OUTLET 1-7 BAR  JIS 10K # 1""  BRAND 317"
TVXX09XX1654,"BALL VALVE, SK-120 BSP 1/2"" THREADED, BRASS BODY, PTFE SEAL PN25, AYVAS"
TVXX09XX1655,"BALL VALVE, SK-120 BSP 3/4"" THREADED, BRASS BODY, PTFE SEAL PN25, AYVAS "
TVXX09XX1656,"BALL VALVE, SK-120 BSP 1"" THREADED, BRASS BODY, PTFE SEAL PN25, AYVAS"
TVXX09XX1660,"GEMU 514/25/D 195-1-1 ANGLE GLOBE VALVE PN16 REG 5, METAL WITH 2/2, SEAT PTFE # 1"""
TVXX09XX1688,"BALL VALVE PVC AW DRAT DALAM # 1 1/4"""
TVXX09XX1689,"GATE VALVE KUNINGAN DRAT # 1 1/4"""
TVXX09XX1705,"BUTTERFLY VALVE UNIVERSAL CAST IRON BODY, EPDM SEAT, SS 316 DISC,SS304 STEM, JIS 10K # 6"" WAFER, WORM GEAR"
TVXX09XX1710,"SOLENOID VALVE STEAM BODY BRASS, SEAL PTFE , FLUORO RUBBER. NORMLAY CLOSE 220VAC CONN THREADED RC # 1"""
TVXX09XX1717,"PRESSURE SAFETY VALVE BRASS BODY SET PRESSURE 2.5 BAR FOR STEAM 3/4 "" THREADED"
TVXX09XX1718,"PRESSURE SAFETY VALVE L9-BP BRONZE BODY SET. PRESS 8 BAR # 1/2"" THREADED WITH LEVER AYVAZ"
TVXX09XX1721,"GATE VALVE, CAST IRON BODY, TYPE 10FCHI, TRIM : BRONZE, NON-RAISE STEM, FLANGE JIS 10K # 3"" KITZ"
TVXX09XX1722,"GATE VALVE, CAST IRON BODY, TYPE 10FCHI, TRIM : BRONZE, NON-RAISE STEM, FLANGE JIS 10K # 6"" KITZ"
TVXX09XX1723,"GATE VALVE, CAST IRON BODY, TYPE 10FCHI, TRIM : BRONZE, NON-RAISE STEM, FLANGE JIS 10K # 12"" KITZ"
TVXX09XX1725,"THREE WAY MOTORIZED VALVE, TYPE VC6013 MJC6000T # 3/4"", HONEYWELL"
TVXX09XX1739,"RUBBER EXPANSION JOINT LKA 10 SINGLE BELLOW, EPDM PRESS. MAX 7 BAR ,TEMP. MAX 100 ⁰C ,SS 316  FLANGE ANSI 150 # 3"" AYVAZ"
TVXX09XX1740,"RUBBER EXPANSION JOINT LKA 10 SINGLE BELLOW, EPDM PRESS. MAX 7 BAR ,TEMP. MAX 100 ⁰C ,SS 316  FLANGE ANSI 150 # 6"" AYVAZ"
TVXX09XX1741,"RUBBER EXPANSION JOINT LKA 10 SINGLE BELLOW, EPDM PRESS. MAX 7 BAR ,TEMP. MAX 100 ⁰C ,SS 316  FLANGE ANSI 150 # 8"" AYVAZ"
TVXX09XX1742,"RUBBER EXPANSION JOINT LKA 10 SINGLE BELLOW, EPDM PRESS. MAX 7 BAR ,TEMP. MAX 100 ⁰C ,SS 316  FLANGE ANSI 150 # 10"" AYVAZ"
TVXX09XX1743,"RUBBER EXPANSION JOINT LKA 10 SINGLE BELLOW, EPDM PRESS. MAX 7 BAR ,TEMP. MAX 100 ⁰C ,CARBON STEEL FLANGE ANSI 150 # 2"" AYVAZ"
TVXX09XX1744,"RUBBER EXPANSION JOINT LKA 10 SINGLE BELLOW, EPDM PRESS. MAX 7 BAR ,TEMP. MAX 100 ⁰C ,CARBON STEEL FLANGE ANSI 150 # 3"" AYVAZ"
TVXX09XX1745,"RUBBER EXPANSION JOINT LKA 10 SINGLE BELLOW, EPDM PRESS. MAX 7 BAR ,TEMP. MAX 100 ⁰C ,CARBON STEEL FLANGE ANSI 150 # 4"" AYVAZ"
TVXX09XX1746,"RUBBER EXPANSION JOINT LKA 10 SINGLE BELLOW, EPDM PRESS. MAX 7 BAR ,TEMP. MAX 100 ⁰C ,CARBON STEEL FLANGE ANSI 150 # 6"" AYVAZ"
TVXX09XX1747,"RUBBER EXPANSION JOINT LKA 10 SINGLE BELLOW, EPDM PRESS. MAX 7 BAR ,TEMP. MAX 100 ⁰C ,CARBON STEEL FLANGE ANSI 150 # 8"" AYVAZ"
TVXX09XX1748,"RUBBER EXPANSION JOINT LKA 10 SINGLE BELLOW, EPDM PRESS. MAX 7 BAR ,TEMP. MAX 100 ⁰C ,CARBON STEEL FLANGE ANSI 150 # 10"" AYVAZ"
TVXX09XX1749,"RUBBER EXPANSION JOINT LKA 10 SINGLE BELLOW, EPDM PRESS. MAX 7 BAR ,TEMP. MAX 100 ⁰C ,CARBON STEEL FLANGE ANSI 150 # 12"" AYVAZ"
TVXX09XX1750,"RUBBER EXPANSION JOINT LKA 10 SINGLE BELLOW, EPDM PRESS. MAX 7 BAR ,TEMP. MAX 100 ⁰C ,CARBON STEEL FLANGE ANSI 150 # 14"" AYVAZ"
TVXX09XX1752,"BALL VALVE KUNINGAN 1 1/2"""
TVXX09XX1753,"BALL VALVE KUNINGAN 2"""
TVXX09XX1754,"BUTTERFLY VALVE XJ ALUMINUM BODY, SS316 DISC, EPDM LINING, MANUAL HAND-LEVER, JIS 10K # 6"" (KITZ)"
TVXX09XX1755,"BUTTERFLY VALVE XJ ALUMINUM BODY, SS316 DISC, EPDM LINING, MANUAL HAND-LEVER, JIS 10K # 8"" (KITZ)"
TVXX09XX1756,"SWING CHECK VALVE SCREW KUNINGAN 1"""
TVXX09XX1757,"FLEXIBLE JOINT RUBBER TOZEN JIS 10K # 8"""
TVXX09XX1760,"FOOT VALVE CAST IRON FLANGE JIS10K # 12"""
TVXX09XX1761,"STRAINER CAST IRON  JIS 10K # 12"" FLANGE"
TVXX09XX1766,"FLEXIBLE JOINT RUBBER TOZEN JIS 10K # 12"""
TVXX09XX1768,"PRESSURE SAFETY VALVE, BRASS BODY, SET PRESSURE 2.48 BAR (36 PSI) FOR STEAM, 1 1/4"" THREADED"
TVXX09XX1771,"FLEXIBLE JOINT RUBBER TOZEN JIS 10K # 2 1/2"""
TVXX09XX1772,"FLEXIBLE RUBBER JOINT, SINGLE ARCH BELLOW, FLOATING FLANGE ANSI 150 A105 # 6"""
TVXX09XX1773,"FLEXIBLE RUBBER JOINT, SINGLE ARCH BELLOW, FLOATING FLANGE ANSI 150 A105 # 8"""
TVXX09XX1781,"INTELLIGENT ELECTRIC DRAINER, MODEL ADTV-13, PORT G1/2"" - G1/2"", 230 VAC, TEMP 5-60 DEG C, WORKING PRESSURE (0.8 - 16 BAR)"
TVXX09XX1784,"SOLENOID VALVE, BRASS BODY, SINGLE COIL 220VAC, # 1/8"" DRAT"
TVXX09XX1797,"PRESSURE REDUCING VALVE, FLANGE PR- 3AF CAST IRON BODY, RANGE OUTLET 1-7 BAR JIS 10K # 1 1/4"" BRAND 317"
TVXX09XX1843,"GEMU 514/40/D 195-1-1 ANGLE GLOBE VALVE PN16 REG 5, METAL WITH 2/2, SEAT PTFE # 1 1/2"""
TVXX09XX1846,"BALL CHECK VALVE PVC # 1/2"" TRUE UNION SINGLE WATERMUR SCREW END"
TVXX09XX1855,"BUTTERFLY VALVE XJ ALUMINUM BODY, SS316 DISC, EPDM LINING, MANUAL HAND-LEVER, JIS 10K # 3"" KITZ C/W FLANGE & MBR"
TVXX09XX1856,"BUTTERFLY VALVE XJ ALUMINUM BODY, SS316 DISC, EPDM LINING, MANUAL HAND-LEVER, JIS 10K # 8"" KITZ C/W FLANGE & MBR"
TVXX09XX2172,"SWING CHECK VALVE,  WCB BODY, 13% CR TRIM, SEAT HARD FACED, FLANGE ANSI 150 #3"" COVNA"
TVXX09XX1866,"BUTTERFLY VALVE ALUMINIUM BODY, WAFER KITZ 10XJMEA, EPDM SEAT, AISI 316 DISC, HAND LEVER, JIS 10K # 2"""
TVXX09XX1871,"DIAPHRAGM SENSING PRESSURE SUSTAINING VALVE PS7S, MEDIA GASES, CS BODY, PTFE SEAL, STD DIAPHRAGM, NPT 3/8"" PN40, KVS 0.8, BLACK SPRING (7-17 BAR), TOP CAP, ADCA"
TVXX09XX1874,"BALL VALVE, BSP 1/2"" THREADED, BRASS BODY, KITZ"
TVXX09XX1877,"GLOBE VALVE STRAIGHT PATTERN 1/2"" ANSI 150, ASTM A216 GR.WCB, TRIM 8, FLANGE-RF, HANDWHEEL"
TVXX09XX1879,"GLOBE VALVE STRAIGHT PATTERN 2"" ANSI 800, ASTM A216 GR.WCB, TRIM 8, BUTT WELD, HANDWHEEL"
TVXX09XX1885,"RUBBER EXPANTION JOINT SINGLE BELLOW, CS FLANGE, ANSI 150 # 16"""
TVXX09XX1887,"RUBBER EXPANTION JOINT SINGLE BELLOW, CS FLANGE, ANSI 150 # 8"""
TVXX09XX1888,"RUBBER EXPANTION JOINT SINGLE BELLOW, CS FLANGE, ANSI 150 # 10"""
TVXX09XX1889,"RUBBER EXPANTION JOINT SINGLE BELLOW, CS FLANGE, ANSI 150 # 12"""
TVXX09XX1890,"RUBBER EXPANTION JOINT SINGLE BELLOW, CS FLANGE, ANSI 150 # 14"""
TVXX09XX1892,"RUBBER EXPANTION JOINT SINGLE BELLOW, CS FLANGE, ANSI 150 # 20"""
TVXX09XX1893,"BUTTERFLY VALVE ANSI150, CI BODY, EPDM SEAT, DISC SS304, HAND LEVER # 4"""
TVXX09XX1895,"BUTTERFLY VALVE ANSI150, CI BODY, EPDM SEAT, DISC SS304, GEAR OPERATED # 6"""
TVXX09XX1896,"BUTTERFLY VALVE ANSI150, CI BODY, EPDM SEAT, DISC SS304, GEAR OPERATED # 8"""
TVXX09XX1897,"BUTTERFLY VALVE ANSI150, CI BODY, EPDM SEAT, DISC SS304, GEAR OPERATED # 10"""
TVXX09XX1902,"RUBBER EXPANTION JOINT SINGLE BELLOW, SS304 FLANGE, ANSI 150 # 12"""
TVXX09XX1903,"RUBBER EXPANTION JOINT SINGLE BELLOW, SS304 FLANGE, ANSI 150 # 14"""
TVXX09XX1904,"BUTTERFLY VALVE ANSI150, CI BODY, EPDM SEAT, DISC SS304, GEAR OPERATED, # 12"""
TVXX09XX1905,"BUTTERFLY VALVE ANSI150, CI BODY, EPDM SEAT, DISC SS304, GEAR OPERATED, # 14"""
TVXX09XX1906,"BUTTERFLY VALVE ANSI150, CI BODY, EPDM SEAT, DISC SS304, GEAR OPERATED, # 16"""
TVXX09XX1908,"BUTTERFLY VALVE ANSI150, CI BODY, EPDM SEAT, DISC SS304, GEAR OPERATED, # 24"""
TVXX09XX1909,"CONDENSATE DRAIN VALVE CDV32 CARBON STEEL BODY # 3/4"" THREADED ISO7 RP ADCA"
TVXX09XX1910,"FLOAT AND THERMOSTATIC STEAM TRAP FLT27-10 SG IRON BODY # 1 1/2"" PN 16 THREADED ISO 7RP ADCA"
TVXX09XX1912,"INVERTED BUCKET STEAM TRAP IBB12-12 CAST IRON BODY # 1"" PN16 THREADED ISO 7RP ADCA"
TVXX09XX1932,"ANGLE SEAT VALVE, 120 SERIES, A50, Y-TYPE, NC SINGLE ACT, CF8M BODY, CF8 ACT, Y ABOVE SEAT, PTFE HIGH TEMP, DN 20 CONN. # 1"" TRICLAMP ESG"
TVXX09XX1940,"INLINE SPRING CHECK VALVE MALE FEMALE THREADED BRASS # 1/2"""
TVXX09XX1944,"BALL VALVES,V3TP,AISI316,PN63 BSP 1/2"" THREADED, MOUNTING PAD, AYVAS C/W PIPE NIPPLE"
TVXX09XX1948,"BUTTERFLY VALVE TYPE FLANGE, ANSI150, CI BODY, EPDM SEAT, DISC SS304, GEAR OPERATED, # 14"""
TVXX09XX1949,"BUTTERFLY VALVE TYPE FLANGE, ANSI150, CI BODY, EPDM SEAT, DISC SS304, GEAR OPERATED, # 16"""
TVXX09XX1950,"BUTTERFLY VALVE TYPE FLANGE, ANSI150, CI BODY, EPDM SEAT, DISC SS304, GEAR OPERATED, # 20"""
TVXX09XX1951,"BUTTERFLY VALVE TYPE FLANGE, ANSI150, CI BODY, EPDM SEAT, DISC SS304, GEAR OPERATED, # 24"""
TVXX09XX1955,"BUTTERFLY VALVE ANSI150, CI BODY, EPDM SEAT, DISC SS304, CHAIN WHEEL OPERATED # 8"""
TVXX09XX1956,"BUTTERFLY VALVE ANSI150, CI BODY, EPDM SEAT, DISC SS304, CHAIN WHEEL OPERATED # 12"""
TVXX09XX1957,"BALL VALVE INDUSTRIAL 3 PIECE BODY, WCB BODY & AISI 304, PTFE SEAT, ANSI150 HAND LEVER, LONG BUTT WELD  # 1 1/2"""
TVXX09XX1958,"BALL VALVE INDUSTRIAL 3 PIECE BODY, WCB BODY & AISI 304, PTFE SEAT, ANSI150 HAND LEVER, LONG BUTT WELD  # 1"""
TVXX09XX1959,"BALL VALVE INDUSTRIAL 3 PIECE BODY, WCB BODY & AISI 304, PTFE SEAT, ANSI150 HAND LEVER, LONG BUTT WELD  # 1/2"""
TVXX09XX1960,"BALL VALVE INDUSTRIAL 3 PIECE BODY, WCB BODY & AISI 304, PTFE SEAT, ANSI150 HAND LEVER, LONG BUTT WELD  # 2"""
TVXX09XX1961,"BALL VALVE INDUSTRIAL 3 PIECE BODY, WCB BODY & AISI 304, PTFE SEAT, ANSI150 HAND LEVER, LONG BUTT WELD # 2 1/2"""
TVXX09XX1962,"BALL VALVE INDUSTRIAL 3 PIECE BODY, WCB BODY & AISI 304, PTFE SEAT, ANSI150 HAND LEVER, LONG BUTT WELD # 3"""
TVXX09XX2001,"BALL VALVES 2 PCS BODY, CAST STEEL BODY, AISI304, PTFE SEAT, JIS 10K # 1/2"" FLANGE C/W SINGLE ACT ACTUATOR & SOLENOID 24 VDC EX-PROOF"
TVXX09XX2002,"BALL VALVES, CS BODY, AISI304, PTFE SEAT, PN63 1"" THREADED BSPT"
TVXX09XX2003,"BALL VALVES, CS BODY, AISI304, PTFE SEAT, PN63 1/2"" THREADED BSPT"
TVXX09XX2004,"BALL VALVES, HK1071, AISI316, PTFE SEAT, PN16 1/2"" THREADED BSPT"
TVXX09XX2005,"STRAINER CF8M BODY JIS 10K # 1"" FLANGE"
TVXX09XX2057,"PRESSURE SAFETY VALVE L9-BP BRONZE BODY SET. PRESS 5 BAR # 1"" THREADED WITH LEVER AYVAZ"
TVXX09XX2058,"PRESSURE SAFETY VALVE L9-BP BRONZE BODY SET. PRESS 5 BAR # 1 1/2"" THREADED WITH LEVER AYVAZ"
TVXX09XX2059,"PRESSURE SAFETY VALVE L9-BP BRONZE BODY SET. PRESS 5 BAR # 2"" THREADED WITH LEVER AYVAZ"
TVXX09XX2146,"BALL VALVE FLOATING 2 PCS BODY, WCB BODY, BALL SS316, SEAT MAT RPTFE, ANSI150 # 1"", HAND LEVER, FLANGE, COVNA"
TVXX09XX2147,"BALL VALVE FLOATING 2 PCS BODY, WCB BODY, BALL SS316, SEAT MAT RPTFE, ANSI150 # 2"", HAND LEVER, FLANGE, COVNA"
TVXX09XX2148,"BALL VALVE FLOATING 2 PCS BODY, WCB BODY, BALL SS316, SEAT MAT RPTFE, ANSI300 # 1"", HAND LEVER, FLANGE, COVNA"
TVXX09XX2149,"BALL VALVE 2 PIECES BODY, CS BODY & CF8 BALL, SEAT MAT RPTFE,  FLANGE ANSI150 # 1"", HAND LEVER, COVNA"
TVXX09XX2150,"BALL VALVE 2 PIECES BODY, WCB BODY & CF8 BALL, SEAT MAT RPTFE,  FLANGE ANSI150 # 1/2"", HAND LEVER, COVNA"
TVXX09XX2151,"BALL VALVE 2 PIECES BODY, WCB BODY & CF8 BALL, SEAT MAT RPTFE, FLANGE ANSI150 # 1"", HAND LEVER, COVNA"
TVXX09XX2152,"BALL VALVE 2 PIECES BODY, WCB BODY & CF8 BALL, SEAT MAT RPTFE, FLANGE ANSI150 # 2"", HAND LEVER, COVNA"
TVXX09XX2153,"BALL VALVE 2 PIECES BODY, WCB BODY & CF8 BALL, SEAT MAT RPTFE, FLANGE ANSI150 # 4"", HAND LEVER, COVNA"
TVXX09XX2154,"BALL VALVE 2 PIECES BODY, WCB BODY & CF8 BALL, SEAT MAT RPTFE, FLANGE ANSI300 # 1"", HAND LEVER, COVNA"
TVXX09XX2155,"BALL VALVE 2 PIECES BODY, WCB BODY & BALL CF8, SEAT MAT RPTFE, FLANGE ANSI150 # 1"", API623, HAND LEVER, COVNA"
TVXX09XX2156,"BALL VALVE 2 PIECES BODY, WCB BODY & BALL CF8, SEAT MAT RPTFE, FLANGE ANSI150 # 1 1/2"", API623, HAND LEVER, COVNA"
TVXX09XX2157,"BALL VALVE 2 PIECES BODY, WCB BODY & BALL CF8, SEAT MAT RPTFE, FLANGE ANSI300 # 1"", API623, HAND LEVER, COVNA"
TVXX09XX2158,"BALL VALVE 2 PIECES BODY, WCB BODY & CF8 BALL, SEAT MAT RPTFE, FLANGE ANSI300 # 1 1/2"", HAND LEVER, COVNA"
TVXX09XX2159,"BALL VALVE 2 PCS BODY, WCB BODY, BALL SS304+13% CR, SEAT MAT RPTFE, ANSI150 # 1/2"", HAND LEVER, FLANGE, COVNA"
TVXX09XX2160,"BALL VALVE 2 PCS BODY, WCB BODY, BALL SS304+13% CR, SEAT MAT RPTFE, ANSI150 # 1"", HAND LEVER, FLANGE, COVNA"
TVXX09XX2161,"BALL VALVE 2 PCS BODY, WCB BODY, BALL SS304+13% CR, SEAT MAT RPTFE, ANSI150 # 1 1/2"", HAND LEVER, FLANGE, COVNA"
TVXX09XX2162,"BALL VALVE 2 PCS BODY, WCB BODY, BALL SS304+13% CR, SEAT MAT RPTFE, ANSI150 # 2"", HAND LEVER, FLANGE, COVNA"
TVXX09XX2163,"BALL VALVE 2 PCS BODY, WCB BODY, BALL SS304+13% CR, SEAT MAT RPTFE, ANSI150 # 3"", HAND LEVER, FLANGE, COVNA"
TVXX09XX2164,"GLOBE VALVE GLAND PACKING, WCB BODY & 13% CR TRIM, METAL SEAT, ANSI150 #2"", FLANGE-RF, HANDWHEEL COVNA"
TVXX09XX2165,"GLOBE VALVE GLAND PACKING, WCB BODY & 13% CR TRIM, METAL SEAT, ANSI300 #3"", FLANGE-RF, HANDWHEEL COVNA"
TVXX09XX2166,"GLOBE VALVE GLAND PACKING, WCB BODY & 13% CR TRIM, METAL SEAT, ANSI150 #1"", FLANGE-RF, HANDWHEEL COVNA"
TVXX09XX2167,"GLOBE VALVE GLAND PACKING, WCB BODY & 13% CR TRIM, METAL SEAT, ANSI150 #1 1/2"", FLANGE-RF, HANDWHEEL COVNA"
TVXX09XX2168,"GLOBE VALVE GLAND PACKING, WCB BODY & 13% CR TRIM, METAL SEAT, ANSI150 #3"", FLANGE-RF, HANDWHEEL COVNA"
TVXX09XX2169,"GLOBE VALVE GLAND PACKING, WCB BODY & 13% CR TRIM, METAL SEAT, ANSI300 #1"", FLANGE-RF, HANDWHEEL COVNA"
TVXX09XX2171,"SWING CHECK VALVE,  WCB BODY, 13% CR TRIM, SEAT HARD FACED, FLANGE ANSI 150 #2"" COVNA"
TVXX09XX2173,"SWING CHECK VALVE,  WCB BODY & CF8 TRIM, SEAT HARD FACED, FLANGE ANSI 150 #3"" COVNA"
TVXX09XX2174,"SINGLE DOOR CHECK VALVE, WCB BODY, CR 13% TRIM & DISC, HARD FACED, ANSI150 # 6"", COVNA"
TVXX09XX2175,"Y-STRAINER, WCB BODY, AISI 304, ANSI 150 #3"", FLANGE-RF, COVNA"
TVXX09XX2176,"Y-STRAINER, WCB BODY, AISI 304, ANSI 150 #4"", FLANGE-RF, COVNA"
TVXX09XX2177,"BASKET INLINE STRAINER, WCB BODY, SS304 SCREEN MESH 10, GRAPHITE SEAT, FLANGE ANSI 150LB # 10"", COVNA"
TVXX09XX2178,"GLOBE VALVE GLAND PACKING, CF3M BODY & TRIM, METAL SEAT, ANSI 150 #1"", FLANGE-RF, HANDWHEEL COVNA"
TVXX09XX2179,"GLOBE VALVE GLAND PACKING, CF3M BODY & TRIM, METAL SEAT, ANSI 150 #1 1/2"", FLANGE-RF, HANDWHEEL COVNA"
TVXX09XX2180,"GLOBE VALVE GLAND PACKING, CF3M BODY & TRIM, METAL SEAT, ANSI 150 #2"", FLANGE-RF, HANDWHEEL COVNA"
TVXX09XX2181,"GLOBE VALVE GLAND PACKING, CF3M BODY & TRIM, METAL SEAT, ANSI 150 #3"", FLANGE-RF, HANDWHEEL COVNA"
TVXX09XX2182,"Y-STRAINER, CF3M BODY, AISI CF3M, ANSI 150 #1 1/2"", FLANGE-RF, COVNA"
TVXX09XX2183,"Y-STRAINER, CF3M BODY, AISI CF3M, ANSI 150 #2"", FLANGE-RF, COVNA"
TVXX09XX2184,"Y-STRAINER, CF3M BODY, AISI CF3M, ANSI 150 #3"", FLANGE-RF, COVNA"
TVXX09XX2185,"Y-STRAINER, CF3M BODY, AISI CF3M, ANSI 150 #8"", FLANGE-RF, COVNA"
TVXX09XX2186,"BALL VALVE 2 PIECES BODY, CF3M BODY, CF3M BALL, SEAT MAT RPTFE, ANSI150 # 1"", HAND LEVER, FLANGE, COVNA"
TVXX09XX2187,"BALL VALVE 2 PIECES BODY, CF3M BODY, CF3M BALL, SEAT MAT RPTFE, ANSI150 # 1 1/2"", HAND LEVER, FLANGE, COVNA"
TVXX09XX2188,"BALL VALVE 2 PIECES BODY, CF3M BODY, CF3M BALL, SEAT MAT RPTFE, ANSI150 # 2"", HAND LEVER, FLANGE, COVNA"
TVXX09XX2189,"BALL VALVE 2 PIECES BODY, CF3M BODY, CF3M BALL, SEAT MAT RPTFE, ANSI150 # 3"", HAND LEVER, FLANGE, COVNA"
TVXX09XX2190,"BALL VALVE 2 PIECES BODY, CF3M BODY, CF3M BALL, SEAT MAT RPTFE, ANSI300 # 1"", HAND LEVER, FLANGE, COVNA"
TVXX09XX2191,"BALL VALVE 2 PIECES BODY, CF3M BODY, CF3M BALL, SEAT MAT RPTFE, ANSI300 # 2"", HAND LEVER, FLANGE, COVNA"
TVXX09XX2192,"BALL VALVE 2 PIECES BODY, CF3M BODY, CF3M BALL, SEAT MAT RPTFE, ANSI300 # 4"", HAND LEVER, FLANGE, COVNA"
TVXX09XX2193,"WAFER SPRING CHECK VALVE, CF3M BODY, CF3M TRIM & DISC ANSI150 # 1"", COVNA"
TVXX09XX2194,"WAFER SPRING CHECK VALVE, CF3M BODY, CF3M TRIM & DISC ANSI300 # 1"", COVNA"
TVXX09XX2195,"BALL VALVE 2 PIECES BODY, CF8M BODY & BALL, SEAT MAT RPTFE,  FLANGE ANSI150 # 1"", HAND LEVER, COVNA"
TVXX09XX2196,"BALL VALVE 2 PIECES BODY, CF8M BODY & BALL, SEAT MAT RPTFE, FLANGE ANSI150 # 2"", HAND LEVER, COVNA"
TVXX09XX2197,"BALL VALVE 2 PIECES BODY, CF8M BODY & BALL, SEAT MAT RPTFE, FLANGE ANSI150 # 3"", HAND LEVER, COVNA"
TVXX09XX2198,"BALL VALVE 2 PIECES BODY, CF8M BODY & CF8M BALL, SEAT MAT RPTFE, FLANGE ANSI150 # 1 1/2"", HAND LEVER, COVNA"
TVXX09XX2199,"BALL VALVE 2 PIECES BODY, CF8M BODY & CF8M BALL, SEAT MAT RPTFE, FLANGE ANSI150 # 2"", HAND LEVER, COVNA"
TVXX09XX2200,"BALL VALVE 2 PIECES BODY, CF8M BODY & CF8M BALL, SEAT MAT RPTFE, FLANGE ANSI150 # 3"", HAND LEVER, COVNA"
TVXX09XX2201,"SWING CHECK VALVE, CF8M BODY & TRIM, SEAT HARD FACED, FLANGE ANSI 150 #1"" COVNA"
TVXX09XX2202,"SWING CHECK VALVE, CF8M BODY & TRIM, SEAT HARD FACED, FLANGE ANSI 150 #2"" COVNA"
TVXX09XX2203,"KNIFE GATE VALVE SOLID WEDGES, OS&Y ANSI 150 # 3"", CF8M BODY, GATE CF8M, STEM 2CR13, SEAT SS-METAL, PACKING PTFE, FLANGE-RF, HANDWHEEL, COVNA"
TVXX09XX2204,"Y-STRAINER, CF8M BODY, AISI CF8M, ANSI 150 #3"", FLANGE-RF, COVNA"
